"2023-10-22 17:47:06","-1.8418752","7.2029943","-6.2757754"
"2023-10-22 17:47:07","1.4823537","11.181661","1.1485549"
"2023-10-22 17:47:08","0.30508488","9.727423","1.6253247"
"2023-10-22 17:47:09","-0.7860422","6.9559355","-4.267599"
"2023-10-22 17:47:10","-1.2496517","4.447659","-8.914461"
"2023-10-22 17:47:11","-0.6681957","5.784649","-8.542975"
"2023-10-22 17:47:12","-1.3716856","9.550353","4.28076"
"2023-10-22 17:47:13","-3.1334012","8.313862","-5.3204412"
"2023-10-22 17:47:14","-1.1563315","7.85444","-3.557529"
"2023-10-22 17:47:15","-0.13758731","9.379865","1.3238292"
"2023-10-22 17:47:16","-2.6889346","8.405986","-4.9340005"
"2023-10-22 17:47:17","-1.602593","9.053245","-3.3086755"
"2023-10-22 17:47:18","0.3074777","10.042677","0.18544376"
"2023-10-22 17:47:19","0.32063824","10.13839","0.7471589"
"2023-10-22 17:47:20","-2.6009982","8.756535","-2.4382863"
"2023-10-22 17:47:21","-0.7722835","8.200203","6.2081785"
"2023-10-22 17:47:22","-4.1204405","9.663414","3.8697925"
"2023-10-22 17:47:23","-2.0638096","9.259625","-0.13519448"
"2023-10-22 17:47:24","-1.8203398","8.443074","-4.863412"
"2023-10-22 17:47:25","-1.5373886","7.3657064","-3.0005996"
"2023-11-06 09:52:13","-3.0813572","4.0498524","4.3298125"
"2023-11-06 09:52:14","-2.5459633","1.4679967","9.138189"
"2023-11-06 09:52:15","-1.1216356","3.4342988","13.094722"
"2023-11-06 09:52:16","9.404989","-6.9912295","3.8141594"
"2023-11-06 09:52:17","7.4626155","1.204188","6.378069"
"2023-11-06 09:52:18","2.8600214","1.6115661","7.2526455"
"2023-11-06 09:52:19","8.186444","5.36411","2.5310082"
"2023-11-06 09:52:20","5.1379886","3.6921253","-0.37746778"
"2023-11-06 09:52:21","5.2402816","10.342378","-0.5138587"
"2023-11-06 09:52:22","1.4877375","5.538188","1.5559329"
"2023-11-06 09:52:23","-1.2460624","4.4811587","0.6963114"
"2023-11-06 09:52:24","2.6883361","10.980663","1.8735801"
"2023-11-06 09:52:25","3.03709","16.238293","4.469793"
"2023-11-06 09:52:26","-1.0283155","13.33221","-1.5846468"
"2023-11-06 09:52:27","1.5960127","16.965113","4.5655055"
"2023-11-06 09:52:28","-1.3651053","14.443676","-0.3188436"
"2023-11-06 09:52:29","-2.1708884","9.516854","0.35234314"
"2023-11-06 09:52:30","-1.9477576","12.730414","-0.6903293"
"2023-11-06 09:52:31","-2.455036","12.753146","-0.57188463"
"2023-11-06 09:52:32","-2.039283","8.157731","-0.7399804"
"2023-11-06 09:52:33","-0.026919255","6.3918276","-1.0540384"
"2023-11-06 09:52:34","-1.6947167","9.673584","0.32243285"
"2023-11-06 09:52:35","-0.76331043","7.259226","-0.77587277"
"2023-11-06 09:52:36","-5.7637115","12.12204","-0.47377887"
"2023-11-06 09:52:37","-0.15014961","6.7836523","-0.148355"
"2023-11-06 09:52:38","-3.5174494","8.739186","-0.7890333"
"2023-11-06 09:52:39","-0.13938192","4.5128636","1.9926231"
"2023-11-06 09:52:40","0.39541394","3.9684963","7.064809"
"2023-11-06 09:52:41","2.1008983","6.0508504","2.3282163"
"2023-11-06 09:52:42","1.090529","14.802001","4.226323"
"2023-11-06 09:52:43","-3.4971104","9.928419","6.8045893"
"2023-11-06 09:52:44","-0.38644084","3.9487555","1.7090735"
"2023-11-06 09:52:45","-2.5208387","10.677971","7.6983085"
"2023-11-06 09:52:46","-3.121437","17.172092","9.65504"
"2023-11-06 09:52:47","-4.3561335","13.7934265","12.075977"
"2023-11-06 09:52:48","-0.5461618","0.637089","6.2757754"
"2023-11-06 09:52:49","2.3318057","-0.19561325","3.7471602"
"2023-11-06 09:52:50","1.2059826","3.7531424","0.232702"
"2023-11-06 09:52:51","1.8610178","5.0051866","-0.7262217"
"2023-11-06 09:52:52","-0.74117684","11.94856","1.4362918"
"2023-11-06 09:52:53","-0.631107","14.711074","-0.013160525"
"2023-11-06 09:52:54","-0.8985049","10.299905","-0.67178494"
"2023-11-06 09:52:55","1.5206388","11.989238","-1.2664014"
"2023-11-06 09:52:56","0.21296121","13.064214","-0.4863412"
"2023-11-06 09:52:57","-0.7920243","13.434503","-1.6773686"
"2023-11-06 09:52:58","-0.5988039","11.709876","-0.47976094"
"2023-11-06 09:52:59","0.2015953","9.626924","0.7292127"
"2023-11-06 09:53:00","0.029312078","8.072785","-1.1587243"
"2023-11-06 09:53:01","1.4356936","7.227521","0.8967103"
"2023-11-06 09:53:02","1.5828521","3.6813576","-4.5355954"
"2023-11-06 09:53:03","5.413163","32.14518","-2.7649066"
"2023-11-06 09:53:05","1.0468599","6.5898337","8.180463"
"2023-11-06 09:53:06","-1.0055838","10.6815605","9.656834"
"2023-11-06 09:53:07","1.2903296","0.1902294","6.2668023"
"2023-11-06 09:53:08","2.8151557","0.28414768","3.7250266"
"2023-11-06 09:53:09","0.62512493","3.4683964","-0.8063812"
"2023-11-06 09:53:10","-2.4783661","25.36033","12.312867"
"2023-11-06 09:53:11","2.0470598","0.62153566","4.7748775"
"2023-11-06 09:53:12","1.2837493","2.3383858","1.4943178"
"2023-11-06 09:53:13","1.8747765","4.5014977","-2.2091734"
"2023-11-06 09:53:14","8.250452","15.22254","0.8775677"
"2023-11-06 09:53:15","-0.49112684","15.35235","-0.46660042"
"2023-11-06 09:53:16","0.14057833","11.673386","-1.1772687"
"2023-11-06 09:53:17","-2.2037897","12.878172","1.0456635"
"2023-11-06 09:53:18","-2.6841488","10.853844","-1.1754742"
"2023-11-06 09:53:19","-0.66759753","9.48156","0.61435723"
"2023-11-06 09:53:20","1.6193427","8.436495","0.86141616"
"2023-11-06 09:53:21","1.5038891","8.762517","1.2514462"
"2023-11-06 09:53:22","0.32482567","6.1974106","-3.010171"
"2023-11-06 09:53:23","-0.7363912","15.05564","0.3595216"
"2023-11-06 09:53:24","0.21355942","6.539584","-2.4107687"
"2023-11-06 09:53:25","0.2745764","3.976273","-3.1256247"
"2023-11-06 09:53:26","3.7878382","10.593624","-2.922833"
"2023-11-06 09:53:27","5.1643095","7.789236","1.2173486"
"2023-11-06 09:53:28","3.3284163","10.794023","9.217153"
"2023-11-06 09:53:29","1.911267","3.679563","6.95115"
"2023-11-06 09:53:30","3.2949169","-0.16151553","4.5445685"
"2023-11-06 09:53:31","-1.2873386","4.9567323","-2.1894326"
"2023-11-06 09:53:32","1.6947167","4.3962135","-1.5672989"
"2023-11-06 09:53:33","-0.047856454","12.80519","-1.1449656"
"2023-11-06 09:53:34","2.525026","8.885149","-0.12562318"
"2023-11-06 09:53:35","4.627719","11.769098","0.85124665"
"2023-11-06 09:53:36","1.4638093","13.418351","-0.45044887"
"2023-11-06 09:53:37","0.25124636","12.828521","-1.46022"
"2023-11-06 09:53:38","-0.14596218","9.839885","0.5838487"
"2023-11-06 09:53:39","0.38763726","8.602198","-0.9876375"
"2023-11-06 09:53:40","1.5822539","10.753943","0.21894327"
"2023-11-06 09:53:41","-0.09092726","8.092526","-0.95413804"
"2023-11-06 09:53:42","1.1108679","7.896913","0.92482597"
"2023-11-06 09:53:43","-0.0011964113","14.139189","0.031106694"
"2023-11-06 09:53:44","-3.048456","8.047063","-3.0670004"
"2023-11-06 09:53:45","3.9463627","6.561718","-0.8745767"
"2023-11-06 09:53:46","0.15314065","18.279968","1.7222341"
"2023-11-06 09:53:47","5.044668","20.807388","8.866604"
"2023-11-06 09:53:48","3.2189445","2.297708","4.790431"
"2023-11-06 09:53:49","2.2594228","1.2400804","1.2311072"
"2023-11-06 09:53:50","0.83030945","4.831707","-2.958127"
"2023-11-06 09:53:51","0.36670008","12.14537","-2.3030918"
"2023-11-06 09:53:52","10.259826","15.43909","0.60598236"
"2023-11-06 09:53:53","1.5798612","11.624332","-0.0041874396"
"2023-11-06 09:53:54","9.629316","13.767105","1.7264216"
"2023-11-06 09:53:55","-1.3130615","11.992827","0.039481573"
"2023-11-06 09:53:56","-0.20757736","7.812566","-0.25722843"
"2023-11-06 09:53:57","1.4069797","16.406986","0.2853441"
"2023-11-06 09:53:58","1.7587247","11.975479","-0.25842485"
"2023-11-06 09:53:59","-0.19262223","9.147162","0.07537391"
"2023-11-06 09:54:00","-0.19262223","7.3657064","-0.92542416"
"2023-11-06 09:54:01","0.27517462","8.662018","-0.6478567"
"2023-11-06 09:54:02","0.07597212","5.5453663","-0.96909314"
"2023-11-06 09:54:03","2.2223341","15.211174","-1.570888"
"2023-11-06 09:54:04","-4.1018963","5.54417","-2.396412"
"2023-11-06 09:54:05","7.375876","10.500902","5.029115"
"2023-11-06 09:54:06","1.7240287","22.557737","12.65205"
"2023-11-06 09:54:07","3.1142588","1.2454642","4.1808596"
"2023-11-06 09:54:08","2.5579274","0.9421739","2.2731814"
"2023-11-06 09:54:09","5.8486567","5.65424","5.651847"
"2023-11-06 09:54:10","1.5559329","20.428125","11.441281"
"2023-11-06 09:54:11","3.3924243","1.4392828","4.9926243"
"2023-11-06 09:54:12","3.705884","0.36610186","3.6652062"
"2023-11-06 09:54:13","-0.2883351","1.7784654","-1.9040886"
"2023-11-06 09:54:14","-0.4319045","4.2951164","-4.011567"
"2023-11-06 09:54:15","9.681958","17.44248","-0.8225328"
"2023-11-06 09:54:16","0.33439696","12.351152","-4.9728837"
"2023-11-06 09:54:17","1.3190435","12.579667","-0.17766708"
"2023-11-06 09:54:18","-0.15134603","13.166507","-0.41455653"
"2023-11-06 09:54:19","-1.0803595","9.192028","-0.93679005"
"2023-11-06 09:54:20","-0.025124637","8.400602","0.047856454"
"2023-11-06 09:54:21","-0.3068795","7.91785","-1.238884"
"2023-11-06 09:54:22","0.98524475","6.492924","0.7537391"
"2023-11-06 09:54:23","-0.14416756","8.924032","-1.0193424"
"2023-11-06 09:54:24","0.19501504","5.814559","1.049851"
"2023-11-06 09:54:25","2.5328028","10.648659","-1.5834504"
"2023-11-06 09:54:26","-5.2289157","8.130213","-1.7946169"
"2023-11-06 09:54:27","1.6325033","2.1308086","1.2999009"
"2023-11-06 09:54:28","-0.21595225","29.983862","-10.470394"
"2023-11-06 09:54:29","5.712266","-0.1381855","9.526425"
"2023-11-06 09:54:30","4.6504507","20.48675","5.1032925"
"2023-11-06 09:54:31","0.9349955","16.46561","10.527822"
"2023-11-06 09:54:32","5.022535","0.76989067","3.9421754"
"2023-11-06 09:54:33","3.4127634","0.16151553","3.438486"
"2023-11-06 09:54:34","-0.8147561","1.5326029","-0.82013994"
"2023-11-06 09:54:35","3.1004999","0.16570297","1.2071791"
"2023-11-06 09:54:36","-0.7465607","3.3882368","-1.634896"
"2023-11-06 09:54:37","0.58683974","5.339584","-2.5860431"
"2023-11-06 09:54:38","3.8877387","9.135797","-2.2348964"
"2023-11-06 09:54:39","0.78364944","13.769498","5.424529"
"2023-11-06 09:54:40","11.042876","18.763319","0.994816"
"2023-11-06 09:54:41","2.2821546","14.377873","-5.672186"
"2023-11-06 09:54:42","-0.8045866","10.6349","-1.6701902"
"2023-11-06 09:54:43","0.92482597","12.827324","-0.45942193"
"2023-11-06 09:54:44","-0.887139","13.36212","-0.3367898"
"2023-11-06 09:54:45","-2.103291","16.913069","-0.16689938"
"2023-11-06 09:54:46","-0.0035892338","12.387045","-0.9738788"
"2023-11-06 09:54:47","-0.70169526","9.503095","-0.3696911"
"2023-11-06 09:54:48","-0.6628119","8.346764","-1.5062819"
"2023-11-06 09:54:49","1.018146","9.648459","1.0241281"
"2023-11-06 09:54:50","-0.24945176","6.6424756","-2.172683"
"2023-11-06 09:54:51","-1.8622142","12.893724","-2.3754747"
"2023-11-06 09:54:52","-2.2444677","5.7517476","0.04546363"
"2023-11-06 09:54:53","5.721837","16.460226","-10.49492"
"2023-11-06 09:54:54","4.2951164","2.1655045","10.200005"
"2023-11-06 09:54:55","3.0077782","0.46660042","2.6554348"
"2023-11-06 09:54:56","1.2586247","2.8085756","-2.1852453"
"2023-11-06 09:54:57","1.1814562","8.651849","7.550552"
"2023-11-06 09:54:58","3.65384","-0.21834506","3.1136606"
"2023-11-06 09:54:59","3.8805602","-0.3481557","2.629114"
"2023-11-06 09:55:00","-0.40737805","1.8101703","-2.3383858"
"2023-11-06 09:55:01","-1.2352947","4.662415","-3.2703903"
"2023-11-06 09:55:02","1.1509477","5.0572305","-1.8580267"
"2023-11-06 09:55:03","0.57607204","10.174282","-1.7521443"
"2023-11-06 09:55:04","2.477768","13.061821","4.5738807"
"2023-11-06 09:55:05","-0.2219343","15.239887","0.49172506"
"2023-11-06 09:55:06","1.2496517","12.559328","-0.023928227"
"2023-11-06 09:55:07","-1.0283155","8.584251","-0.23090738"
"2023-11-06 09:55:08","-0.23449662","10.112667","-1.5320047"
"2023-11-06 09:55:09","-1.1784651","7.0761747","0.5168497"
"2023-11-06 09:55:10","0.253041","10.0672035","2.4095724"
"2023-11-06 09:55:11","-1.9585253","7.0522466","-2.815754"
"2023-11-06 09:55:12","-2.4011974","6.6711893","-0.75553375"
"2023-11-06 09:55:13","4.8191447","5.171488","-5.8731833"
"2023-11-06 09:55:14","3.7507496","7.750951","7.236494"
"2023-11-06 09:55:15","6.0167527","16.834703","10.345967"
"2023-11-06 09:55:16","5.0901318","10.919646","6.200402"
"2023-11-06 09:55:17","3.0640094","5.886942","4.4685965"
"2023-11-06 09:55:18","3.9655054","0.40498522","2.2331018"
"2023-11-06 09:55:19","-2.1326032","3.8051863","-2.7116663"
"2023-11-06 09:55:20","3.109473","7.7790666","-1.4476577"
"2023-11-06 09:55:21","2.5381866","13.2311125","3.738187"
"2023-11-06 09:55:22","0.81236327","10.714461","-4.642076"
"2023-11-06 09:55:23","0.721436","13.227524","0.6263213"
"2023-11-06 09:55:24","0.56769717","12.695719","-2.5926232"
"2023-11-06 09:55:25","1.5290136","11.89532","-0.32961133"
"2023-11-06 09:55:26","-1.0408778","8.212766","-1.3250256"
"2023-11-06 09:55:27","-1.2687942","7.969894","-1.6983058"
"2023-11-06 09:55:28","0.9876375","5.922236","0.96909314"
"2023-11-06 09:55:29","1.7467605","6.884749","0.84406817"
"2023-11-06 09:55:30","2.8133612","1.9274186","2.449054"
"2023-11-06 09:55:31","-0.43788654","17.705093","-12.788441"
"2023-11-06 09:55:32","6.597012","7.9746795","7.146763"
"2023-11-06 09:55:33","6.8189464","12.15853","5.3886366"
"2023-11-06 09:55:34","3.5294135","3.0000014","5.4149575"
"2023-11-06 09:55:35","2.2031915","17.64647","11.137991"
"2023-11-06 09:55:36","4.2388854","1.966302","5.123033"
"2023-11-06 09:55:37","2.6099713","2.260021","1.1001002"
"2023-11-06 09:55:38","-1.5284154","2.748755","-1.4087744"
"2023-11-06 09:55:39","1.1114662","10.77847","-0.73579293"
"2023-11-06 09:55:40","1.0606186","11.051251","-3.565904"
"2023-11-06 09:55:41","-0.098703936","12.401999","-0.18185452"
"2023-11-06 09:55:42","-0.93260264","15.513865","-0.62871414"
"2023-11-06 09:55:43","-0.7812566","9.391231","0.07298109"
"2023-11-06 09:55:44","-1.7437695","7.8053875","-1.0827522"
"2023-11-06 09:55:45","0.2117648","8.085348","-1.1413764"
"2023-11-06 09:55:46","-0.401396","10.604392","-0.8781659"
"2023-11-06 09:55:47","-0.47258246","9.072986","-0.1692922"
"2023-11-06 09:55:48","-0.106480606","7.7210402","-1.6576279"
"2023-11-06 09:55:49","-1.372882","6.9355965","0.25244278"
"2023-11-06 09:55:50","2.0267208","8.389834","-1.747957"
"2023-11-06 09:55:51","-0.35294133","2.4418755","0.9349955"
"2023-11-06 09:55:52","4.3633122","0.9212367","-5.7146587"
"2023-11-06 09:55:53","5.629115","19.08994","9.0951185"
"2023-11-06 09:55:54","4.467998","1.9806589","7.533204"
"2023-11-06 09:55:55","-0.2542374","7.0785675","-8.330014"
"2023-11-06 09:55:56","0.9798609","12.434901","3.74058"
"2023-11-06 09:55:57","1.9884356","10.657632","0.13998012"
"2023-11-06 09:55:58","3.298506","14.124234","1.8855443"
"2023-11-06 09:55:59","-1.8717855","11.531013","-0.086141616"
"2023-11-06 09:56:00","2.5776682","9.104691","1.8981066"
"2023-11-06 09:56:01","0.933799","13.663615","0.21415763"
"2023-11-06 09:56:02","0.50488555","8.943773","1.6169499"
"2023-11-06 09:56:03","0.72023964","8.694321","0.9942178"
"2023-11-06 09:56:04","-1.8741783","11.914462","-1.0127622"
"2023-11-06 09:56:05","7.0486574","2.1026928","7.926225"
"2023-11-06 09:56:06","3.7022948","2.4005992","4.9064827"
"2023-11-06 09:56:07","3.32722","1.8107685","4.983053"
"2023-11-06 09:56:08","0.2745764","6.8015985","9.117252"
"2023-11-06 09:56:09","0.34576288","11.06501","-6.0622163"
"2023-11-06 09:56:10","-2.4849463","14.831313","-1.3926228"
"2023-11-06 09:56:11","1.0193424","9.072986","-0.4325027"
"2023-11-06 09:56:12","-1.1527423","9.256635","-0.5312066"
"2023-11-06 09:56:13","0.062213387","8.86122","-1.8125632"
"2023-11-06 09:56:14","-0.17647067","1.7467605","-0.6987042"
"2023-11-06 09:56:15","2.2402802","10.430912","-7.049854"
"2023-11-06 09:56:16","-0.8644072","16.681562","-0.70648086"
"2023-11-06 09:56:17","3.1136606","17.463417","3.531208"
"2023-11-06 09:56:18","4.1587257","1.8424734","3.7663028"
"2023-11-06 09:56:19","-0.36131623","2.928815","-1.4141582"
"2023-11-06 09:56:20","0.8554341","12.383455","-2.2839491"
"2023-11-06 09:56:21","8.656036","16.417755","0.44626144"
"2023-11-06 09:56:22","-0.24705894","13.7629175","-0.77407813"
"2023-11-06 09:56:23","-0.13758731","14.696716","0.45224348"
"2023-11-06 09:56:24","1.3034902","12.623336","-0.84825563"
"2023-11-06 09:56:25","-0.7710871","9.190832","0.39720857"
"2023-11-06 09:56:26","-1.4416757","7.512865","-0.87637126"
"2023-11-06 09:56:27","1.2933207","8.443673","-0.72741807"
"2023-11-06 09:56:28","0.38344982","8.055437","-0.053240303"
"2023-11-06 09:56:29","-4.7946186","8.359326","-0.76689965"
"2023-11-06 09:56:30","2.0745773","8.218149","-4.933402"
"2023-11-06 09:56:31","5.645267","8.188837","6.849455"
"2023-11-06 09:56:32","8.211569","7.69113","6.122635"
"2023-11-06 09:56:33","4.7766724","6.8255267","5.85763"
"2023-11-06 09:56:34","5.2109694","1.7300107","3.1208389"
"2023-11-06 09:56:35","-1.4943178","4.2652063","-2.3431716"
"2023-11-06 09:56:36","2.3916261","8.350353","-1.4374882"
"2023-11-06 09:56:37","7.9040914","14.810376","0.29910284"
"2023-11-06 09:56:38","0.8315059","13.670794","-0.29312077"
"2023-11-06 09:56:39","-0.05802595","12.207582","-0.7052845"
"2023-11-06 09:56:40","-1.204188","8.937193","-0.049052864"
"2023-11-06 09:56:41","-0.7471589","8.489735","-0.50129634"
"2023-11-06 09:56:42","-1.1964114","8.142776","0.59641105"
"2023-11-06 09:56:43","-0.7148558","7.108478","0.078963146"
"2023-11-06 09:56:44","-4.246662","11.95873","-1.0127622"
"2023-11-06 09:56:45","1.9465612","11.276176","-5.1960144"
"2023-11-06 09:56:46","4.404588","9.219545","5.7858453"
"2023-11-06 09:56:47","1.6133606","12.610773","8.944969"
"2023-11-06 09:56:48","4.237689","1.564906","3.5330026"
"2023-11-06 09:56:49","-1.0731809","4.5966125","-2.1020947"
"2023-11-06 09:56:50","0.87936234","10.484153","-2.2785654"
"2023-11-06 09:56:51","7.0869427","15.770495","-0.42711884"
"2023-11-06 09:56:52","1.8095721","13.700106","-0.67178494"
"2023-11-06 09:56:53","-1.0935199","10.076775","0.03708875"
"2023-11-06 09:56:54","0.5461618","9.732806","0.09810573"
"2023-11-06 09:56:55","-1.1820544","5.9617176","-0.5665008"
"2023-11-06 09:56:56","-1.4003994","6.317052","-1.0462617"
"2023-11-06 09:56:57","-5.5830536","12.08196","-1.2921243"
"2023-11-06 09:56:58","-0.11485548","17.65604","-7.1007013"
"2023-11-06 09:56:59","2.4687948","4.6265225","5.255835"
"2023-11-06 09:57:00","2.0153549","7.4566336","0.57487565"
"2023-11-06 09:57:01","0.5282156","8.185248","0.31465617"
"2023-11-06 09:57:02","-2.9168508","12.491133","-0.5820541"
"2023-11-06 09:57:03","-2.0620148","7.624729","-2.6117659"
"2023-11-06 09:57:05","1.5320047","8.105687","1.3238292"
"2023-11-06 09:57:06","-1.0594223","15.095121","-1.98365"
"2023-11-06 09:57:07","0.20997019","20.54657","-7.585248"
"2023-11-06 09:57:08","0.06699903","23.020151","12.48874"
"2023-11-06 09:57:09","2.1140587","3.9116669","1.1970096"
"2023-11-06 09:57:10","4.714459","11.0351","1.5966109"
"2023-11-06 09:57:11","0.738784","11.4496565","0.8153543"
"2023-11-06 09:57:12","-0.715454","9.467801","-0.1160519"
"2023-11-06 09:57:13","1.6115661","11.373086","1.0594223"
"2023-11-06 09:57:14","-3.574877","16.61576","0.8045866"
"2023-11-06 09:57:15","-1.2999009","8.12782","0.8446664"
"2023-11-06 09:57:16","1.3142579","7.016354","3.1710882"
"2023-11-06 09:57:17","0.089132644","11.848062","3.3684962"
"2023-11-06 09:57:18","0.2111666","12.792628","1.4123635"
"2023-11-06 09:57:19","-0.6305088","8.032107","2.1337996"
"2023-11-06 09:57:20","0.11066805","4.963312","2.5028925"
"2023-11-06 09:57:21","-0.111864455","7.164111","2.2582264"
"2023-11-06 09:57:22","4.2855453","10.11506","3.8650067"
"2023-11-06 09:57:23","0.8769695","1.3998013","2.4945176"
"2023-11-06 09:57:24","2.1140587","6.7375903","3.5006995"
"2023-11-06 09:57:25","0.034695927","9.338589","0.016151553"
"2023-11-06 09:57:26","5.022535","7.6145597","0.36550367"
"2023-11-06 09:57:27","1.3896317","11.273784","3.790231"
"2023-11-06 09:57:28","2.431706","11.392827","-1.1431711"
"2023-11-06 09:57:29","2.7954152","5.846264","2.4119651"
"2023-11-06 09:57:30","-1.2705889","3.7363925","0.26261228"
"2023-11-06 09:57:31","3.0580273","10.984252","2.7954152"
"2023-11-06 09:57:32","1.1389836","3.62393","8.681161"
"2023-11-06 09:57:33","-3.182454","4.0755754","5.7433724"
"2023-11-06 10:54:40","-3.825226","5.1795635","7.1883383"
"2023-11-06 10:54:41","2.5839493","1.5598212","8.549256"
"2023-11-06 10:54:42","-6.492625","3.3753755","6.3107705"
"2023-11-06 10:54:43","-6.1100726","1.8532411","7.198209"
"2023-11-06 10:54:44","-2.7173493","-0.31286156","9.560822"
"2023-11-06 10:54:45","0.4755735","-0.71724856","9.764511"
"2023-11-06 10:54:46","0.45254257","-0.21355942","7.3713894"
"2023-11-06 10:54:47","-0.53359944","0.064905316","9.605987"
"2023-11-06 10:54:48","-0.23599213","0.09332009","9.65474"
"2023-11-06 10:54:49","-0.37328035","0.06281159","9.674481"
"2023-11-06 10:54:50","-0.2670988","0.22911277","9.710074"
"2023-11-06 10:54:51","-0.091525465","-0.085244305","9.617652"
"2023-11-06 10:54:52","0.09421739","-0.29671","9.649955"
"2023-11-06 10:54:53","-0.025124637","-0.4758726","9.472886"
"2023-11-06 10:54:54","0.5270192","-0.6517451","9.591031"
"2023-11-06 10:54:55","0.5458627","-0.68494546","9.616156"
"2023-11-06 10:54:56","0.4109673","-0.1680958","9.625129"
"2023-11-06 10:54:57","0.43968117","-0.22671995","9.654441"
"2023-11-06 10:54:58","0.46151567","-0.20368902","9.649057"
"2023-11-06 10:54:59","0.44775695","-0.18634106","9.642178"
"2023-11-06 10:55:00","0.38644084","-0.21655045","9.649655"
"2023-11-06 10:55:01","0.52342993","-0.17736799","9.64487"
"2023-11-06 10:55:02","0.4001996","-0.212363","9.664611"
"2023-11-06 10:55:03","0.5306084","-0.24915266","9.637094"
"2023-11-06 10:55:04","0.37806597","-0.16540386","9.627223"
"2023-11-06 10:55:05","0.36400816","-0.25902304","9.648459"
"2023-11-06 10:55:06","0.4755735","-0.18843478","9.645169"
"2023-11-06 10:55:07","0.42921257","-0.17497516","9.649357"
"2023-11-06 10:55:08","0.4127619","-0.17198412","9.64158"
"2023-11-06 10:55:09","0.41814575","-0.17407785","9.645767"
"2023-11-06 10:55:10","0.4334","-0.16031912","9.645767"
"2023-11-06 10:55:11","0.42382872","-0.16540386","9.64457"
"2023-11-06 10:55:12","0.4211368","-0.16271193","9.650253"
"2023-11-06 10:55:13","0.4106682","-0.1594218","9.64457"
"2023-11-06 10:55:14","0.43878385","-0.16091733","9.643374"
"2023-11-06 10:55:15","0.41904306","-0.16540386","9.649655"
"2023-11-06 10:55:16","0.41455653","-0.15882361","9.64487"
"2023-11-06 10:55:17","0.42861435","-0.15643078","9.643674"
"2023-11-06 10:55:18","0.4118646","-0.15583257","9.649955"
"2023-11-06 10:55:19","0.41964126","-0.148355","9.64128"
"2023-11-06 10:55:20","0.41605204","-0.15014961","9.642477"
"2023-11-06 10:55:21","0.40827537","-0.14985052","9.640982"
"2023-11-06 10:55:22","0.41455653","-0.1576272","9.645468"
"2023-11-06 10:55:23","0.4322036","-0.15104693","9.64487"
"2023-11-06 10:55:24","0.42023948","-0.14745769","9.640682"
"2023-11-06 10:55:25","0.4223332","-0.1477568","9.642477"
"2023-11-06 10:55:26","0.4429713","-0.18275183","9.648758"
"2023-11-06 10:55:27","0.4319045","-0.18514465","9.639187"
"2023-11-06 10:55:28","0.4833502","-0.19980069","9.639187"
"2023-11-06 10:55:29","0.44626144","-0.20398813","9.634102"
"2023-11-06 10:55:30","0.4636094","-0.20249261","9.6427765"
"2023-11-06 10:55:31","0.45942193","-0.2105684","9.637094"
"2023-11-06 10:55:32","0.4456632","-0.2108675","9.640384"
"2023-11-06 10:55:33","0.4423731","-0.21834506","9.638289"
"2023-11-06 10:55:34","0.43848476","-0.21206391","9.643374"
"2023-11-06 10:55:35","0.43788654","-0.21924238","9.639785"
"2023-11-06 10:55:36","0.44775695","-0.21535404","9.64128"
"2023-11-06 10:55:37","0.4447659","-0.21296121","9.639785"
"2023-11-06 10:55:38","0.4444668","-0.2219343","9.637991"
"2023-11-06 10:55:39","0.43698925","-0.21834506","9.64128"
"2023-11-06 10:55:40","0.4441677","-0.21804596","9.640084"
"2023-11-06 10:55:41","0.4528417","-0.21864417","9.636495"
"2023-11-06 10:55:42","0.44207397","-0.21505493","9.638289"
"2023-11-06 10:55:43","0.4426722","-0.21026929","9.638887"
"2023-11-06 10:55:44","0.43968117","-0.21565314","9.64457"
"2023-11-06 10:55:45","0.45224348","-0.21804596","9.638589"
"2023-11-06 10:55:46","0.43609193","-0.21535404","9.6376915"
"2023-11-06 10:55:47","0.4459623","-0.22372891","9.639486"
"2023-11-06 10:55:48","0.4435695","-0.21744776","9.638887"
"2023-11-06 10:55:49","0.4639085","-0.21535404","9.640982"
"2023-11-06 10:55:50","0.4444668","-0.2108675","9.64128"
"2023-11-06 10:55:51","0.44685963","-0.21296121","9.6376915"
"2023-11-06 10:55:52","0.45852464","-0.2219343","9.638289"
"2023-11-06 10:55:53","0.4441677","-0.22402802","9.637991"
"2023-11-06 10:55:54","0.4408776","-0.21954148","9.640682"
"2023-11-06 10:55:55","0.43848476","-0.21475583","9.638589"
"2023-11-06 10:55:56","0.46181476","-0.212363","9.636196"
"2023-11-06 10:55:57","0.4435695","-0.2222334","9.640982"
"2023-11-06 10:55:58","0.43818563","-0.21565314","9.636196"
"2023-11-06 10:55:59","0.45403808","-0.21655045","9.636794"
"2023-11-06 10:56:00","0.45074797","-0.21714866","9.640384"
"2023-11-06 10:56:01","0.44207397","-0.21355942","9.634999"
"2023-11-06 10:56:02","0.45104706","-0.21535404","9.638289"
"2023-11-06 10:56:03","0.4459623","-0.21655045","9.640682"
"2023-11-06 10:56:04","0.45254257","-0.21415763","9.637991"
"2023-11-06 10:56:05","0.45074797","-0.21355942","9.636196"
"2023-11-06 10:56:06","0.4432704","-0.21864417","9.640084"
"2023-11-06 10:56:07","0.43878385","-0.22552353","9.638887"
"2023-11-06 10:56:08","0.44835514","-0.21864417","9.6376915"
"2023-11-06 10:56:09","0.45942193","-0.21655045","9.636794"
"2023-11-06 10:56:10","0.4444668","-0.22372891","9.638887"
"2023-11-06 10:56:11","0.44895336","-0.22402802","9.635299"
"2023-11-06 10:56:12","0.45074797","-0.21984059","9.636794"
"2023-11-06 10:56:13","0.43878385","-0.22552353","9.640084"
"2023-11-06 10:56:14","0.42652065","-0.22103699","9.634701"
"2023-11-06 10:56:15","0.44835514","-0.23659034","9.631111"
"2023-11-06 10:56:16","0.43040898","-0.23509483","9.631411"
"2023-11-06 10:56:17","0.6134599","-0.38524446","9.641879"
"2023-11-06 10:56:18","0.3999005","-0.24975087","9.636495"
"2023-11-06 10:56:19","0.474078","-0.2219343","9.639187"
"2023-11-06 10:56:20","0.45074797","-0.22073789","9.634999"
"2023-11-06 10:56:21","0.46301118","-0.22253251","9.637991"
"2023-11-06 10:56:22","0.46002015","-0.22253251","9.634701"
"2023-11-06 10:56:23","0.4543372","-0.21655045","9.637991"
"2023-11-06 10:56:24","0.45164528","-0.21505493","9.633204"
"2023-11-06 10:56:25","0.45912284","-0.21834506","9.635597"
"2023-11-06 10:56:26","0.4549354","-0.21954148","9.637392"
"2023-11-06 10:56:27","0.44775695","-0.21475583","9.634401"
"2023-11-06 10:56:28","0.4642076","-0.21595225","9.635897"
"2023-11-06 10:56:29","0.4639085","-0.21714866","9.637991"
"2023-11-06 10:56:30","0.45942193","-0.2108675","9.635597"
"2023-11-06 10:56:31","0.4651049","-0.21954148","9.635299"
"2023-11-06 10:56:32","0.46271208","-0.21535404","9.639486"
"2023-11-06 10:56:33","0.45912284","-0.21355942","9.634701"
"2023-11-06 10:56:34","0.4651049","-0.21385853","9.635299"
"2023-11-06 10:56:35","0.47706902","-0.21475583","9.637991"
"2023-11-06 10:56:36","0.4528417","-0.2108675","9.637094"
"2023-11-06 10:56:37","0.4645067","-0.21445672","9.637094"
"2023-11-06 10:56:38","0.4749753","-0.22013968","9.635299"
"2023-11-06 10:56:39","0.47138608","-0.2228316","9.635597"
"2023-11-06 10:56:40","0.4648058","-0.21296121","9.637991"
"2023-11-06 10:56:41","0.4660022","-0.21565314","9.64128"
"2023-11-06 10:56:42","0.47886363","-0.2117648","9.643674"
"2023-11-06 10:56:43","0.46331027","-0.212363","9.647263"
"2023-11-06 10:56:44","0.4564309","-0.2117648","9.64158"
"2023-11-06 10:56:45","0.47198427","-0.20727827","9.640384"
"2023-11-06 10:56:46","0.552742","-0.23808585","9.602397"
"2023-11-06 10:56:48","0.59282184","-0.63858455","9.626924"
"2023-11-06 10:56:49","0.80757767","-1.1670992","9.439087"
"2023-11-06 10:56:50","0.8350951","-0.83090764","9.593424"
"2023-11-06 10:56:51","0.62153566","-0.46091747","9.639785"
"2023-11-06 10:56:52","0.51505506","-0.3924229","9.632009"
"2023-11-06 10:56:53","0.52522457","-0.38315073","9.636495"
"2023-11-06 10:56:54","0.5395815","-0.38285163","9.632308"
"2023-11-06 10:56:55","0.52133626","-0.38374892","9.632308"
"2023-11-06 10:56:56","0.52253264","-0.38524446","9.629616"
"2023-11-06 10:56:57","0.5458627","-0.37567315","9.628419"
"2023-11-06 10:56:58","0.5249255","-0.38584265","9.630513"
"2023-11-06 10:56:59","0.52342993","-0.38703907","9.633504"
"2023-11-06 10:57:00","0.52283174","-0.38584265","9.632906"
"2023-11-06 10:57:01","0.52223355","-0.392722","9.6326065"
"2023-11-06 10:57:02","0.52911294","-0.38673997","9.630812"
"2023-11-06 10:57:03","0.52283174","-0.39032918","9.631411"
"2023-11-06 10:57:04","0.5300102","-0.38763726","9.628419"
"2023-11-06 10:57:05","0.5401797","-0.38823548","9.629316"
"2023-11-06 10:57:06","0.5240282","-0.3801597","9.632009"
"2023-11-06 10:57:07","0.5341976","-0.38494533","9.630513"
"2023-11-06 10:57:08","0.53240305","-0.3822534","9.629914"
"2023-11-06 10:57:09","0.54257256","-0.38285163","9.632906"
"2023-11-06 10:57:10","0.52941203","-0.38165522","9.631709"
"2023-11-06 10:57:11","0.52911294","-0.3924229","9.629018"
"2023-11-06 10:57:12","0.5353941","-0.38494533","9.629316"
"2023-11-06 10:57:13","0.5312066","-0.39421752","9.628419"
"2023-11-06 10:57:14","0.5276174","-0.38823548","9.630214"
"2023-11-06 10:57:15","0.52522457","-0.38823548","9.6275215"
"2023-11-06 10:57:16","0.5312066","-0.38823548","9.633803"
"2023-11-06 10:57:17","0.55304116","-0.38733816","9.630513"
"2023-11-06 10:57:18","0.5270192","-0.3924229","9.632009"
"2023-11-06 10:57:19","0.5279165","-0.3912265","9.633204"
"2023-11-06 10:57:20","0.5306084","-0.38344982","9.629316"
"2023-11-06 10:57:21","0.5395815","-0.38344982","9.632009"
"2023-11-06 10:57:22","0.52941203","-0.38733816","9.633204"
"2023-11-06 10:57:23","0.5210371","-0.38823548","9.626326"
"2023-11-06 10:57:24","0.5297111","-0.392722","9.632009"
"2023-11-06 10:57:25","0.53629136","-0.38315073","9.630214"
"2023-11-06 10:57:26","0.52612185","-0.38494533","9.6326065"
"2023-11-06 10:57:27","0.5300102","-0.38733816","9.631411"
"2023-11-06 10:57:28","0.5353941","-0.38703907","9.633803"
"2023-11-06 10:57:29","0.5377869","-0.3819543","9.631709"
"2023-11-06 10:57:30","0.53180486","-0.38524446","9.628718"
"2023-11-06 10:57:31","0.5347959","-0.39212382","9.630513"
"2023-11-06 10:57:32","0.5309075","-0.39032918","9.6275215"
"2023-11-06 10:57:33","0.535095","-0.3894319","9.632009"
"2023-11-06 10:57:34","0.52313083","-0.38524446","9.629914"
"2023-11-06 10:57:35","0.5309075","-0.38584265","9.629914"
"2023-11-06 10:57:36","0.53659046","-0.3915256","9.629018"
"2023-11-06 10:57:37","0.53569317","-0.38464624","9.629616"
"2023-11-06 10:57:38","0.5273183","-0.38584265","9.631111"
"2023-11-06 10:57:39","0.53599226","-0.392722","9.630214"
"2023-11-06 10:57:40","0.54376894","-0.3912265","9.627821"
"2023-11-06 10:57:41","0.52582276","-0.3930211","9.630513"
"2023-11-06 10:57:42","0.5282156","-0.38434714","9.630812"
"2023-11-06 10:57:43","0.5476573","-0.39182472","9.630513"
"2023-11-06 10:57:44","0.53599226","-0.3930211","9.630812"
"2023-11-06 10:57:45","0.53270215","-0.3912265","9.6275215"
"2023-11-06 10:57:46","0.53270215","-0.3900301","9.633204"
"2023-11-06 10:57:47","0.5288138","-0.38524446","9.632009"
"2023-11-06 10:57:48","0.5407779","-0.38853458","9.631111"
"2023-11-06 10:57:49","0.5455636","-0.38913277","9.628419"
"2023-11-06 10:57:50","0.52911294","-0.39631125","9.629316"
"2023-11-06 10:57:51","0.5309075","-0.38883367","9.633803"
"2023-11-06 10:57:52","0.53659046","-0.38883367","9.630513"
"2023-11-06 10:57:53","0.535095","-0.39032918","9.629316"
"2023-11-06 10:57:54","0.53389853","-0.3894319","9.629316"
"2023-11-06 10:57:55","0.5386842","-0.39332023","9.630214"
"2023-11-06 10:57:56","0.5479564","-0.38673997","9.633504"
"2023-11-06 10:57:57","0.5341976","-0.38793638","9.630812"
"2023-11-06 10:57:58","0.53599226","-0.3915256","9.630214"
"2023-11-06 10:57:59","0.53359944","-0.389731","9.6275215"
"2023-11-06 10:58:00","0.54317075","-0.38853458","9.626924"
"2023-11-06 10:58:01","0.5491528","-0.39481574","9.626625"
"2023-11-06 10:58:02","0.53330034","-0.38554356","9.629616"
"2023-11-06 10:58:03","0.538086","-0.38733816","9.629316"
"2023-11-06 10:58:04","0.54675996","-0.38703907","9.629316"
"2023-11-06 10:58:05","0.5401797","-0.38614175","9.629616"
"2023-11-06 10:58:06","0.53599226","-0.3912265","9.631709"
"2023-11-06 10:58:07","0.5449654","-0.39541394","9.636794"
"2023-11-06 10:58:08","0.5344968","-0.38703907","9.630513"
"2023-11-06 10:58:09","0.5386842","-0.3900301","9.628419"
"2023-11-06 10:58:10","0.5422734","-0.38853458","9.627223"
"2023-11-06 10:58:11","0.5494519","-0.3900301","9.629018"
"2023-11-06 10:58:12","0.5407779","-0.3930211","9.632009"
"2023-11-06 10:58:13","0.5344968","-0.38883367","9.630812"
"2023-11-06 10:58:14","0.5383851","-0.3906283","9.6275215"
"2023-11-06 10:58:15","0.54406804","-0.38853458","9.632308"
"2023-11-06 10:58:16","0.5374878","-0.3909274","9.631709"
"2023-11-06 10:58:17","0.53988063","-0.38793638","9.629616"
"2023-11-06 10:58:18","0.5353941","-0.39182472","9.630214"
"2023-11-06 10:58:19","0.5491528","-0.39451665","9.633803"
"2023-11-06 10:58:20","0.5392824","-0.3915256","9.626924"
"2023-11-06 10:58:21","0.5383851","-0.38494533","9.626326"
"2023-11-06 10:58:22","0.5386842","-0.38853458","9.631111"
"2023-11-06 10:58:23","0.5521438","-0.3924229","9.629914"
"2023-11-06 10:58:24","0.5422734","-0.39391842","9.628718"
"2023-11-06 10:58:25","0.5389833","-0.3912265","9.62812"
"2023-11-06 10:58:26","0.549751","-0.38823548","9.629018"
"2023-11-06 10:58:27","0.5422734","-0.38883367","9.633204"
"2023-11-06 10:58:28","0.54346985","-0.39541394","9.634999"
"2023-11-06 10:58:29","0.5416752","-0.39690945","9.637392"
"2023-11-06 10:58:30","0.5485546","-0.39780676","9.643674"
"2023-11-06 10:58:31","0.53210396","-0.38614175","9.639486"
"2023-11-06 10:58:32","0.5344968","-0.39511484","9.6427765"
"2023-11-06 10:58:33","0.541077","-0.38763726","9.640682"
"2023-11-06 10:58:34","0.53330034","-0.39451665","9.64158"
"2023-11-06 10:58:35","0.5377869","-0.3894319","9.643674"
"2023-11-06 10:58:36","0.5494519","-0.40079778","9.638589"
"2023-11-06 10:58:37","0.53359944","-0.40079778","9.642477"
"2023-11-06 10:58:38","0.5285147","-0.39541394","9.635897"
"2023-11-06 10:58:39","0.5401797","-0.39451665","9.636794"
"2023-11-06 10:58:40","0.541077","-0.38913277","9.633204"
"2023-11-06 10:58:41","0.5377869","-0.401396","9.634999"
"2023-11-06 10:58:42","0.5374878","-0.39541394","9.636794"
"2023-11-06 10:58:43","0.54436713","-0.39332023","9.634102"
"2023-11-06 10:58:44","0.5347959","-0.39780676","9.634999"
"2023-11-06 10:58:45","0.53389853","-0.38883367","9.634401"
"2023-11-06 10:58:46","0.538086","-0.3930211","9.631411"
"2023-11-06 10:58:47","0.549751","-0.39032918","9.634401"
"2023-11-06 10:58:48","0.541077","-0.3912265","9.632906"
"2023-11-06 10:58:49","0.5392824","-0.39511484","9.634401"
"2023-11-06 10:58:50","0.5524429","-0.3924229","9.631111"
"2023-11-06 10:58:51","0.54346985","-0.3930211","9.631111"
"2023-11-06 10:58:52","0.5371887","-0.39451665","9.628718"
"2023-11-06 10:58:53","0.5458627","-0.389731","9.633204"
"2023-11-06 10:58:54","0.535095","-0.3900301","9.630812"
"2023-11-06 10:58:55","0.538086","-0.39511484","9.631111"
"2023-11-06 10:58:56","0.5386842","-0.39391842","9.630812"
"2023-11-06 10:58:57","0.5557331","-0.3894319","9.631111"
"2023-11-06 10:58:58","0.53599226","-0.39810586","9.630214"
"2023-11-06 10:58:59","0.5389833","-0.39780676","9.6275215"
"2023-11-06 10:59:00","0.5303093","-0.39750767","9.633204"
"2023-11-06 10:59:01","0.5416752","-0.38494533","9.630513"
"2023-11-06 10:59:02","0.53629136","-0.39690945","9.628718"
"2023-11-06 10:59:03","0.53599226","-0.3999005","9.631709"
"2023-11-06 10:59:04","0.5401797","-0.4016951","9.630214"
"2023-11-06 10:59:05","0.5455636","-0.3924229","9.632906"
"2023-11-06 10:59:06","0.5389833","-0.39451665","9.626924"
"2023-11-06 10:59:07","0.54257256","-0.39960137","9.629616"
"2023-11-06 10:59:08","0.5512465","-0.3930211","9.631111"
"2023-11-06 10:59:09","0.5347959","-0.39541394","9.629316"
"2023-11-06 10:59:10","0.5476573","-0.3906283","9.628419"
"2023-11-06 10:59:11","0.54735816","-0.3999005","9.629316"
"2023-11-06 10:59:12","0.55692947","-0.39451665","9.628419"
"2023-11-06 10:59:13","0.5353941","-0.39720857","9.633204"
"2023-11-06 10:59:14","0.5371887","-0.39361933","9.624531"
"2023-11-06 10:59:15","0.54675996","-0.39361933","9.626326"
"2023-11-06 10:59:16","0.5416752","-0.3906283","9.62154"
"2023-11-06 10:59:17","0.52941203","-0.38853458","9.629914"
"2023-11-06 10:59:18","0.54376894","-0.39332023","9.634102"
"2023-11-06 10:59:19","0.5392824","-0.39451665","9.634701"
"2023-11-06 10:59:20","0.53659046","-0.39511484","9.635597"
"2023-11-06 10:59:21","0.5452645","-0.3900301","9.633504"
"2023-11-06 10:59:22","0.5413761","-0.39421752","9.632906"
"2023-11-06 10:59:23","0.541077","-0.38554356","9.630513"
"2023-11-06 10:59:24","0.54287165","-0.39182472","9.634701"
"2023-11-06 10:59:25","0.5389833","-0.38255253","9.629914"
"2023-11-06 10:59:26","0.5667999","-0.2730809","9.626924"
"2023-11-06 10:59:27","0.40588254","-0.18664017","9.664909"
"2023-11-06 10:59:28","0.3179463","-0.15732808","9.638289"
"2023-11-06 10:59:29","0.40977088","-0.12502499","9.640084"
"2023-11-06 10:59:30","0.25842485","-0.034097724","9.598808"
"2023-11-06 10:59:31","0.3065804","-0.10827523","9.64487"
"2023-11-06 10:59:32","0.32243285","-0.123828575","9.639187"
"2023-11-06 10:59:33","0.3379862","-0.18753748","9.638589"
"2023-11-06 10:59:34","0.37806597","-0.20398813","9.6376915"
"2023-11-06 10:59:35","0.38434714","-0.19800608","9.637094"
"2023-11-06 10:59:36","0.37507495","-0.20997019","9.6376915"
"2023-11-06 10:59:37","0.38464624","-0.19531415","9.6427765"
"2023-11-06 10:59:38","0.3909274","-0.19591236","9.640384"
"2023-11-06 10:59:39","0.5192425","-0.2754737","9.638589"
"2023-11-06 10:59:40","0.09960124","-0.071186475","9.591031"
"2023-11-06 10:59:41","-0.111864455","0.20638095","9.65504"
"2023-11-06 10:59:42","-0.10887343","0.109471634","9.6631155"
"2023-11-06 10:59:43","-0.09421739","0.1896312","9.634701"
"2023-11-06 10:59:44","-0.12472588","0.18604197","9.640982"
"2023-11-06 10:59:45","-0.101694964","0.18634106","9.6427765"
"2023-11-06 10:59:46","-0.0951147","0.19292133","9.6275215"
"2023-11-06 10:59:47","-0.13130614","0.24675983","9.641879"
"2023-11-06 10:59:48","-0.10767702","0.20368902","9.655638"
"2023-11-06 10:59:49","-0.111266255","0.19172491","9.640982"
"2023-11-06 10:59:50","-0.12203395","0.15134603","9.649057"
"2023-11-06 10:59:51","-0.09601201","0.19531415","9.645767"
"2023-11-06 10:59:52","-0.08703893","0.19680966","9.640682"
"2023-11-06 10:59:53","-0.109471634","0.19830517","9.640982"
"2023-11-06 10:59:54","-0.101694964","0.19411774","9.636794"
"2023-11-06 10:59:55","-0.111266255","0.20309082","9.637392"
"2023-11-06 10:59:56","-0.111864455","0.20428723","9.64128"
"2023-11-06 10:59:57","-0.10797612","0.20937198","9.642477"
"2023-11-06 10:59:58","-0.11096715","0.20727827","9.640384"
"2023-11-06 10:59:59","-0.122931264","0.20129621","9.640982"
"2023-11-06 11:00:00","-0.11306087","0.21206391","9.642178"
"2023-11-06 11:00:01","-0.109471634","0.21894327","9.640084"
"2023-11-06 11:00:02","-0.1058824","0.20638095","9.635897"
"2023-11-06 11:00:03","-0.14566308","0.20548365","9.64128"
"2023-11-06 11:00:04","-0.097806625","0.19740787","9.642477"
"2023-11-06 11:00:05","-0.101694964","0.20697916","9.639486"
"2023-11-06 11:00:06","-0.10977074","0.21445672","9.646665"
"2023-11-06 11:00:07","-0.12083755","0.20757736","9.644272"
"2023-11-06 11:00:08","-0.098703936","0.2114657","9.624531"
"2023-11-06 11:00:09","-0.11216356","0.22492532","9.637991"
"2023-11-06 11:00:10","-0.12053844","0.2216352","9.636794"
"2023-11-06 11:00:11","-0.11066805","0.21326032","9.638289"
"2023-11-06 11:00:12","-0.112761766","0.21954148","9.64158"
"2023-11-06 11:00:13","-0.096311115","0.2111666","9.626326"
"2023-11-06 11:00:14","-0.106480606","0.21385853","9.636196"
"2023-11-06 11:00:15","-0.029012974","0.20578274","9.632906"
"2023-11-06 11:00:16","-0.09661021","0.20997019","9.635299"
"2023-11-06 11:00:17","-0.09840483","0.21684955","9.636495"
"2023-11-06 11:00:18","-0.058325052","0.20578274","9.633204"
"2023-11-06 11:00:19","-0.11096715","0.20548365","9.640084"
"2023-11-06 11:00:20","-0.11874382","0.20697916","9.639187"
"2023-11-06 11:00:21","-0.12801601","0.20668006","9.634401"
"2023-11-06 11:00:22","-0.1160519","0.19142582","9.626026"
"2023-11-06 11:00:23","0.023928227","0.10707881","9.640982"
"2023-11-06 11:00:24","0.10707881","-0.012263216","9.634701"
"2023-11-06 11:00:25","0.26650062","0.0634098","9.635897"
"2023-11-06 11:00:26","0.25004998","-0.1268196","9.640384"
"2023-11-06 11:00:27","0.16689938","-0.11874382","9.642477"
"2023-11-06 11:00:28","0.17467605","-0.12412767","9.641879"
"2023-11-06 11:00:29","0.17198412","-0.11306087","9.646067"
"2023-11-06 11:00:30","0.17048861","-0.13160525","9.64816"
"2023-11-06 11:00:31","0.1683949","-0.1271187","9.646365"
"2023-11-06 11:00:32","0.1692922","-0.12592229","9.636794"
"2023-11-06 11:00:33","0.18484555","-0.115752794","9.639785"
"2023-11-06 11:00:34","0.17018951","-0.11784652","9.641879"
"2023-11-06 11:00:35","0.17318054","-0.12233306","9.643075"
"2023-11-06 11:00:36","0.16869399","-0.122931264","9.639785"
"2023-11-06 11:00:37","0.16420746","-0.12921242","9.644272"
"2023-11-06 11:00:38","0.19232312","-0.10139586","9.6427765"
"2023-11-06 11:00:39","0.17437695","-0.12532409","9.645169"
"2023-11-06 11:00:40","0.17617157","-0.13010973","9.641879"
"2023-11-06 11:00:41","0.17168503","-0.12592229","9.646365"
"2023-11-06 11:00:42","0.16869399","-0.13160525","9.64128"
"2023-11-06 11:00:43","0.17377874","-0.12472588","9.643075"
"2023-11-06 11:00:44","0.18305093","-0.119042926","9.647562"
"2023-11-06 11:00:45","0.17288144","-0.12592229","9.6427765"
"2023-11-06 11:00:46","0.16630118","-0.12831512","9.637991"
"2023-11-06 11:00:47","0.17347965","-0.13130614","9.64457"
"2023-11-06 11:00:48","0.19322042","-0.1378864","9.634102"
"2023-11-06 11:00:49","0.18275183","-0.11365908","9.64128"
"2023-11-06 11:00:50","0.18514465","-0.13758731","9.65145"
"2023-11-06 11:00:51","0.20907287","-0.17318054","9.6275215"
"2023-11-06 11:00:52","0.35473597","-0.29072794","9.646365"
"2023-11-06 11:00:53","0.2545365","-0.23389842","9.643674"
"2023-11-06 11:00:54","0.2515455","-0.22642085","9.649057"
"2023-11-06 11:00:55","0.2425724","-0.22701904","9.635299"
"2023-11-06 11:00:56","0.24376881","-0.2321038","9.639187"
"2023-11-06 11:00:57","0.24945176","-0.22552353","9.638289"
"2023-11-06 11:00:58","0.2548356","-0.22313072","9.640384"
"2023-11-06 11:00:59","0.2536392","-0.22612174","9.636196"
"2023-11-06 11:01:00","0.2335993","-0.22372891","9.640384"
"2023-11-06 11:01:01","0.23778675","-0.22881366","9.64128"
"2023-11-06 11:01:02","0.23479572","-0.2222334","9.642178"
"2023-11-06 11:01:03","0.24047868","-0.22582264","9.643075"
"2023-11-06 11:01:04","0.2318047","-0.21984059","9.638589"
"2023-11-06 11:01:05","0.23748764","-0.2213361","9.640084"
"2023-11-06 11:01:06","0.24077778","-0.21684955","9.640084"
"2023-11-06 11:01:07","0.24077778","-0.22253251","9.640982"
"2023-11-06 11:01:09","0.24017957","-0.2213361","9.64158"
"2023-11-06 11:01:10","0.23569304","-0.21655045","9.6376915"
"2023-11-06 11:01:11","0.23150559","-0.21326032","9.638289"
"2023-11-06 11:01:12","0.24496523","-0.22552353","9.642477"
"2023-11-06 11:01:13","0.24047868","-0.21296121","9.640384"
"2023-11-06 11:01:14","0.23629123","-0.21475583","9.646365"
"2023-11-06 11:01:15","0.24586253","-0.20787647","9.643075"
"2023-11-06 11:01:16","0.23988047","-0.22013968","9.641879"
"2023-11-06 11:01:17","0.23808585","-0.21954148","9.6427765"
"2023-11-06 11:01:18","0.24077778","-0.21385853","9.640682"
"2023-11-06 11:01:19","0.2416751","-0.21385853","9.639486"
"2023-11-06 11:01:20","0.23748764","-0.21774685","9.64158"
"2023-11-06 11:01:21","0.22881366","-0.21655045","9.638887"
"2023-11-06 11:01:22","0.23958136","-0.21984059","9.640384"
"2023-11-06 11:01:23","0.23868406","-0.20817557","9.640982"
"2023-11-06 11:01:24","0.2335993","-0.21445672","9.638887"
"2023-11-06 11:01:25","0.24137598","-0.20907287","9.640682"
"2023-11-06 11:01:26","0.23898315","-0.2108675","9.643374"
"2023-11-06 11:01:27","0.23988047","-0.20937198","9.645169"
"2023-11-06 11:01:28","0.23001008","-0.20967108","9.643075"
"2023-11-06 11:01:29","0.24466611","-0.21355942","9.650852"
"2023-11-06 11:01:30","0.22941187","-0.21445672","9.656834"
"2023-11-06 11:01:31","0.22971097","-0.21834506","9.65833"
"2023-11-06 11:01:32","0.24616162","-0.2108675","9.655638"
"2023-11-06 11:01:33","0.23449662","-0.21326032","9.655936"
"2023-11-06 11:01:34","0.23748764","-0.21655045","9.655338"
"2023-11-06 11:01:35","0.2318047","-0.21266212","9.650253"
"2023-11-06 11:01:36","0.2335993","-0.21924238","9.65474"
"2023-11-06 11:01:37","0.22911277","-0.21684955","9.649655"
"2023-11-06 11:01:38","0.23599213","-0.20967108","9.653543"
"2023-11-06 11:01:39","0.2428715","-0.20488544","9.647263"
"2023-11-06 11:01:40","0.23659034","-0.21924238","9.650553"
"2023-11-06 11:01:41","0.22701904","-0.21655045","9.65175"
"2023-11-06 11:01:42","0.2228316","-0.21684955","9.653543"
"2023-11-06 11:01:43","0.22761725","-0.2108675","9.650253"
"2023-11-06 11:01:44","0.22671995","-0.212363","9.649357"
"2023-11-06 11:01:45","0.23090738","-0.20937198","9.651151"
"2023-11-06 11:01:46","0.22103699","-0.21355942","9.647562"
"2023-11-06 11:01:47","0.23778675","-0.21206391","9.650852"
"2023-11-06 11:01:48","0.22821546","-0.21326032","9.649955"
"2023-11-06 11:01:49","0.2222334","-0.2111666","9.649357"
"2023-11-06 11:01:50","0.22821546","-0.21804596","9.649057"
"2023-11-06 11:01:51","0.23659034","-0.20997019","9.645468"
"2023-11-06 11:01:52","0.23868406","-0.21266212","9.644272"
"2023-11-06 11:01:53","0.22522444","-0.21266212","9.64457"
"2023-11-06 11:01:54","0.23898315","-0.2114657","9.646963"
"2023-11-06 11:01:55","0.22971097","-0.21206391","9.64487"
"2023-11-06 11:01:56","0.22881366","-0.21774685","9.6427765"
"2023-11-06 11:01:57","0.23838496","-0.21385853","9.642477"
"2023-11-06 11:01:58","0.23718855","-0.22372891","9.643674"
"2023-11-06 11:01:59","0.22462623","-0.22013968","9.643972"
"2023-11-06 11:02:00","0.22971097","-0.21744776","9.643374"
"2023-11-06 11:02:01","0.24526432","-0.21834506","9.64487"
"2023-11-06 11:02:02","0.23030917","-0.21714866","9.647562"
"2023-11-06 11:02:03","0.22492532","-0.21714866","9.64487"
"2023-11-06 11:02:04","0.23688944","-0.21864417","9.6427765"
"2023-11-06 11:02:05","0.24077778","-0.2204388","9.64158"
"2023-11-06 11:02:06","0.23001008","-0.22552353","9.643374"
"2023-11-06 11:02:07","0.22552353","-0.21774685","9.642477"
"2023-11-06 11:02:08","0.2228316","-0.21326032","9.638289"
"2023-11-06 11:02:09","0.2440679","-0.20787647","9.640982"
"2023-11-06 11:02:10","0.22612174","-0.22013968","9.642477"
"2023-11-06 11:02:11","0.22941187","-0.21475583","9.642178"
"2023-11-06 11:02:12","0.23060828","-0.2219343","9.640682"
"2023-11-06 11:02:13","0.2330011","-0.21206391","9.641879"
"2023-11-06 11:02:14","0.22492532","-0.21355942","9.64158"
"2023-11-06 11:02:15","0.22731815","-0.21924238","9.642178"
"2023-11-06 11:02:16","0.23509483","-0.21445672","9.642477"
"2023-11-06 11:02:17","0.23330021","-0.21744776","9.642477"
"2023-11-06 11:02:18","0.22073789","-0.21864417","9.644272"
"2023-11-06 11:02:19","0.22552353","-0.21535404","9.638887"
"2023-11-06 11:02:20","0.23090738","-0.20608185","9.64128"
"2023-11-06 11:02:21","0.22761725","-0.212363","9.64128"
"2023-11-06 11:02:22","0.22701904","-0.21296121","9.640384"
"2023-11-06 11:02:23","0.22761725","-0.2108675","9.641879"
"2023-11-06 11:02:24","0.2228316","-0.21894327","9.639785"
"2023-11-06 11:02:25","0.22642085","-0.21475583","9.642178"
"2023-11-06 11:02:26","0.22492532","-0.20398813","9.637392"
"2023-11-06 11:02:27","0.22791636","-0.21355942","9.638589"
"2023-11-06 11:02:28","0.22881366","-0.2114657","9.642178"
"2023-11-06 11:02:29","0.22253251","-0.212363","9.634102"
"2023-11-06 11:02:30","0.23090738","-0.21984059","9.642477"
"2023-11-06 11:02:31","0.22313072","-0.21385853","9.64128"
"2023-11-06 11:02:32","0.22612174","-0.21475583","9.641879"
"2023-11-06 11:02:33","0.2219343","-0.21355942","9.638289"
"2023-11-06 11:02:34","0.2330011","-0.20787647","9.639486"
"2023-11-06 11:02:35","0.22582264","-0.21326032","9.640084"
"2023-11-06 11:02:36","0.22372891","-0.21595225","9.64128"
"2023-11-06 11:02:37","0.22313072","-0.21475583","9.639486"
"2023-11-06 11:02:38","0.2219343","-0.2117648","9.643674"
"2023-11-06 11:02:39","0.23330021","-0.2009971","9.636794"
"2023-11-06 11:02:40","0.22073789","-0.21744776","9.64158"
"2023-11-06 11:02:41","0.21834506","-0.2114657","9.640982"
"2023-11-06 11:02:42","0.23419751","-0.200698","9.6427765"
"2023-11-06 11:02:43","0.22731815","-0.21505493","9.639187"
"2023-11-06 11:02:44","0.22013968","-0.20907287","9.643075"
"2023-11-06 11:02:45","0.23150559","-0.19830517","9.636495"
"2023-11-06 11:02:46","0.23001008","-0.20398813","9.638289"
"2023-11-06 11:02:47","0.23030917","-0.20727827","9.643374"
"2023-11-06 11:02:48","0.21655045","-0.20997019","9.635597"
"2023-11-06 11:02:49","0.23120649","-0.19980069","9.642477"
"2023-11-06 11:02:50","0.24137598","-0.20518455","9.643972"
"2023-11-06 11:02:51","0.22612174","-0.2111666","9.636495"
"2023-11-06 11:02:52","0.22851457","-0.2114657","9.643972"
"2023-11-06 11:02:53","0.24017957","-0.20249261","9.6427765"
"2023-11-06 11:02:54","0.24107689","-0.20817557","9.6427765"
"2023-11-06 11:02:55","0.23419751","-0.212363","9.64158"
"2023-11-06 11:02:56","0.23569304","-0.19920248","9.637991"
"2023-11-06 11:02:57","0.23988047","-0.20967108","9.639187"
"2023-11-06 11:02:58","0.24227329","-0.20877378","9.640682"
"2023-11-06 11:02:59","0.22881366","-0.20518455","9.643972"
"2023-11-06 11:03:00","0.23479572","-0.20608185","9.649655"
"2023-11-06 11:03:01","0.23718855","-0.21206391","9.64128"
"2023-11-06 11:03:02","0.24227329","-0.20877378","9.640084"
"2023-11-06 11:03:03","0.23449662","-0.212363","9.643075"
"2023-11-06 11:03:04","0.2335993","-0.21445672","9.640682"
"2023-11-06 11:03:05","0.24466611","-0.19471595","9.640384"
"2023-11-06 11:03:06","0.232702","-0.2111666","9.640084"
"2023-11-06 11:03:07","0.23090738","-0.20638095","9.637991"
"2023-11-06 11:03:08","0.23898315","-0.2009971","9.641879"
"2023-11-06 11:03:09","0.23688944","-0.20548365","9.640682"
"2023-11-06 11:03:10","0.23778675","-0.20368902","9.638887"
"2023-11-06 11:03:11","0.23479572","-0.20608185","9.64128"
"2023-11-06 11:03:12","0.23778675","-0.20697916","9.642178"
"2023-11-06 11:03:13","0.23449662","-0.20189442","9.636495"
"2023-11-06 11:03:14","0.23030917","-0.20757736","9.636495"
"2023-11-06 11:03:15","0.22612174","-0.20757736","9.638887"
"2023-11-06 11:03:16","0.22731815","-0.20428723","9.639785"
"2023-11-06 11:03:17","0.24765715","-0.20697916","9.640084"
"2023-11-06 11:03:18","0.23688944","-0.20757736","9.644272"
"2023-11-06 11:03:19","0.23060828","-0.20338993","9.639187"
"2023-11-06 11:03:20","0.23659034","-0.20697916","9.642178"
"2023-11-06 11:03:21","0.24646074","-0.20757736","9.64158"
"2023-11-06 11:03:22","0.23688944","-0.20847467","9.640682"
"2023-11-06 11:03:23","0.232702","-0.20847467","9.639785"
"2023-11-06 11:03:24","0.24376881","-0.20548365","9.639187"
"2023-11-06 11:03:25","0.23988047","-0.2105684","9.640682"
"2023-11-06 11:03:26","0.22821546","-0.21475583","9.642477"
"2023-11-06 11:03:27","0.22642085","-0.20757736","9.639187"
"2023-11-06 11:03:28","0.23778675","-0.21206391","9.638589"
"2023-11-06 11:03:29","0.23748764","-0.21296121","9.638589"
"2023-11-06 11:03:30","0.23569304","-0.20428723","9.638589"
"2023-11-06 11:03:31","0.2318047","-0.2111666","9.642477"
"2023-11-06 11:03:32","0.23748764","-0.20937198","9.642178"
"2023-11-06 11:03:33","0.23898315","-0.20129621","9.637392"
"2023-11-06 11:03:34","0.22522444","-0.20907287","9.640682"
"2023-11-06 11:03:35","0.23389842","-0.21206391","9.642178"
"2023-11-06 11:03:36","0.23509483","-0.21385853","9.640084"
"2023-11-06 11:03:37","0.2330011","-0.20787647","9.639187"
"2023-11-06 11:03:38","0.23928227","-0.2105684","9.639486"
"2023-11-06 11:03:39","0.23509483","-0.21296121","9.636794"
"2023-11-06 11:03:40","0.22911277","-0.21296121","9.64158"
"2023-11-06 11:03:41","0.23150559","-0.21355942","9.640682"
"2023-11-06 11:03:42","0.22911277","-0.21026929","9.638589"
"2023-11-06 11:03:43","0.23868406","-0.20697916","9.638589"
"2023-11-06 11:03:44","0.23838496","-0.2117648","9.639486"
"2023-11-06 11:03:45","0.23629123","-0.21834506","9.638887"
"2023-11-06 11:03:46","0.23479572","-0.20967108","9.639486"
"2023-11-06 11:03:47","0.23599213","-0.20937198","9.640384"
"2023-11-06 11:03:48","0.232702","-0.20428723","9.635597"
"2023-11-06 11:03:49","0.232702","-0.21714866","9.640682"
"2023-11-06 11:03:50","0.23030917","-0.21774685","9.640982"
"2023-11-06 11:03:51","0.23449662","-0.21505493","9.638589"
"2023-11-06 11:03:52","0.2335993","-0.2114657","9.643075"
"2023-11-06 11:03:53","0.2434697","-0.21355942","9.638887"
"2023-11-06 11:03:54","0.24017957","-0.21355942","9.643075"
"2023-11-06 11:03:55","0.2318047","-0.21385853","9.637991"
"2023-11-06 11:03:56","0.23688944","-0.21684955","9.640982"
"2023-11-06 11:03:57","0.24227329","-0.2108675","9.643075"
"2023-11-06 11:03:58","0.23778675","-0.20967108","9.64158"
"2023-11-06 11:03:59","0.23539393","-0.21296121","9.640084"
"2023-11-06 11:04:00","0.24466611","-0.21326032","9.643674"
"2023-11-06 11:04:01","0.23778675","-0.20189442","9.636196"
"2023-11-06 11:04:02","0.23838496","-0.21415763","9.641879"
"2023-11-06 11:04:03","0.23120649","-0.2216352","9.642178"
"2023-11-06 11:04:04","0.2330011","-0.21415763","9.640084"
"2023-11-06 11:04:05","0.24376881","-0.21565314","9.637991"
"2023-11-06 11:04:06","0.23748764","-0.20787647","9.639486"
"2023-11-06 11:04:07","0.24017957","-0.21565314","9.64158"
"2023-11-06 11:04:08","0.23688944","-0.21655045","9.638589"
"2023-11-06 11:04:09","0.24496523","-0.2015953","9.6376915"
"2023-11-06 11:04:10","0.23988047","-0.21415763","9.6376915"
"2023-11-06 11:04:11","0.23808585","-0.21954148","9.639187"
"2023-11-06 11:04:12","0.23748764","-0.212363","9.6376915"
"2023-11-06 11:04:13","0.23509483","-0.21026929","9.636495"
"2023-11-06 11:04:14","0.2335993","-0.21445672","9.637094"
"2023-11-06 11:04:15","0.23868406","-0.21026929","9.645767"
"2023-11-06 11:04:16","0.23958136","-0.20488544","9.6376915"
"2023-11-06 11:04:17","0.23150559","-0.20877378","9.638589"
"2023-11-06 11:04:18","0.23539393","-0.2111666","9.640982"
"2023-11-06 11:04:19","0.2318047","-0.21714866","9.636495"
"2023-11-06 11:04:20","0.23718855","-0.20309082","9.639785"
"2023-11-06 11:04:21","0.22881366","-0.20787647","9.634701"
"2023-11-06 11:04:22","0.23090738","-0.21385853","9.64457"
"2023-11-06 11:04:23","0.24107689","-0.20877378","9.643075"
"2023-11-06 11:04:24","0.2318047","-0.21206391","9.638887"
"2023-11-06 11:04:25","0.22582264","-0.212363","9.639486"
"2023-11-06 11:04:26","0.23539393","-0.20608185","9.64158"
"2023-11-06 11:04:27","0.23958136","-0.21326032","9.639486"
"2023-11-06 11:04:28","0.23090738","-0.21355942","9.639486"
"2023-11-06 11:04:29","0.22701904","-0.20877378","9.64128"
"2023-11-06 11:04:30","0.23958136","-0.20189442","9.64128"
"2023-11-06 11:04:31","0.23120649","-0.20907287","9.642477"
"2023-11-06 11:04:32","0.23389842","-0.20697916","9.637991"
"2023-11-06 11:04:33","0.23928227","-0.20937198","9.640982"
"2023-11-06 11:04:34","0.23629123","-0.21415763","9.64158"
"2023-11-06 11:04:35","0.23509483","-0.20578274","9.640084"
"2023-11-06 11:04:36","0.23599213","-0.20787647","9.640084"
"2023-11-06 11:04:37","0.24556342","-0.2105684","9.642178"
"2023-11-06 11:04:38","0.232702","-0.20548365","9.637094"
"2023-11-06 11:04:39","0.24795625","-0.19830517","9.638589"
"2023-11-06 11:04:40","0.23988047","-0.2000998","9.64487"
"2023-11-06 11:04:41","0.23988047","-0.2000998","9.64487"
"2023-11-06 11:04:42","0.23988047","-0.2000998","9.64487"
"2023-11-06 11:04:43","0.23988047","-0.2000998","9.64487"
"2023-11-06 11:04:44","0.23988047","-0.2000998","9.64487"
"2023-11-06 11:04:45","0.23988047","-0.2000998","9.64487"
"2023-11-06 11:04:46","0.23988047","-0.2000998","9.64487"
"2023-11-06 11:04:47","0.23988047","-0.2000998","9.64487"
"2023-11-06 11:04:48","0.23988047","-0.2000998","9.64487"
"2023-11-06 11:04:49","0.23988047","-0.2000998","9.64487"
"2023-11-06 11:04:50","0.23988047","-0.2000998","9.64487"
"2023-11-06 11:04:51","0.23988047","-0.2000998","9.64487"
"2023-11-06 11:04:52","0.23988047","-0.2000998","9.64487"
"2023-11-06 11:04:53","0.23988047","-0.2000998","9.64487"
"2023-11-06 11:04:54","0.23988047","-0.2000998","9.64487"
"2023-11-06 11:04:55","0.23988047","-0.2000998","9.64487"
"2023-11-06 11:04:56","0.23988047","-0.2000998","9.64487"
"2023-11-06 11:04:57","0.23988047","-0.2000998","9.64487"
"2023-11-06 11:04:58","0.23988047","-0.2000998","9.64487"
"2023-11-06 11:04:59","0.23988047","-0.2000998","9.64487"
"2023-11-06 11:05:00","0.23988047","-0.2000998","9.64487"
"2023-11-06 11:05:01","0.23988047","-0.2000998","9.64487"
"2023-11-06 11:05:02","0.23988047","-0.2000998","9.64487"
"2023-11-06 11:05:03","0.23988047","-0.2000998","9.64487"
"2023-11-06 11:05:04","0.23988047","-0.2000998","9.64487"
"2023-11-06 11:05:05","0.23988047","-0.2000998","9.64487"
"2023-11-06 11:05:06","0.23988047","-0.2000998","9.64487"
"2023-11-06 11:05:07","0.23988047","-0.2000998","9.64487"
"2023-11-06 11:05:08","0.23988047","-0.2000998","9.64487"
"2023-11-06 11:05:09","0.23988047","-0.2000998","9.64487"
"2023-11-06 11:05:10","0.23988047","-0.2000998","9.64487"
"2023-11-06 11:05:11","0.23988047","-0.2000998","9.64487"
"2023-11-06 11:05:12","0.23988047","-0.2000998","9.64487"
"2023-11-06 11:05:13","0.23988047","-0.2000998","9.64487"
"2023-11-06 11:05:14","0.23988047","-0.2000998","9.64487"
"2023-11-06 11:05:15","0.23988047","-0.2000998","9.64487"
"2023-11-06 11:05:16","0.23988047","-0.2000998","9.64487"
"2023-11-06 11:05:17","0.23988047","-0.2000998","9.64487"
"2023-11-06 11:05:18","0.23988047","-0.2000998","9.64487"
"2023-11-06 11:05:19","0.23988047","-0.2000998","9.64487"
"2023-11-06 11:05:20","0.23988047","-0.2000998","9.64487"
"2023-11-06 11:05:21","0.23988047","-0.2000998","9.64487"
"2023-11-06 11:05:23","0.23988047","-0.2000998","9.64487"
"2023-11-06 11:05:24","0.23988047","-0.2000998","9.64487"
"2023-11-06 11:05:25","0.23988047","-0.2000998","9.64487"
"2023-11-06 11:05:26","0.23988047","-0.2000998","9.64487"
"2023-11-06 11:05:27","0.23988047","-0.2000998","9.64487"
"2023-11-06 11:05:28","0.23988047","-0.2000998","9.64487"
"2023-11-06 11:05:29","0.23988047","-0.2000998","9.64487"
"2023-11-06 11:05:30","0.23988047","-0.2000998","9.64487"
"2023-11-06 11:05:31","0.23988047","-0.2000998","9.64487"
"2023-11-06 11:05:32","0.23988047","-0.2000998","9.64487"
"2023-11-06 11:05:33","0.23988047","-0.2000998","9.64487"
"2023-11-06 11:05:34","0.23988047","-0.2000998","9.64487"
"2023-11-06 11:05:35","0.23988047","-0.2000998","9.64487"
"2023-11-06 11:05:36","0.23988047","-0.2000998","9.64487"
"2023-11-06 11:05:37","0.23988047","-0.2000998","9.64487"
"2023-11-06 11:05:38","0.23988047","-0.2000998","9.64487"
"2023-11-06 11:05:39","0.23988047","-0.2000998","9.64487"
"2023-11-06 11:05:40","0.23988047","-0.2000998","9.64487"
"2023-11-06 11:05:41","0.23988047","-0.2000998","9.64487"
"2023-11-06 11:05:42","0.23988047","-0.2000998","9.64487"
"2023-11-06 11:05:43","0.23988047","-0.2000998","9.64487"
"2023-11-06 11:06:44","0.23988047","-0.2000998","9.64487"
"2023-11-06 11:06:45","0.23988047","-0.2000998","9.64487"
"2023-11-06 11:06:46","0.8009974","5.0748777","8.110473"
