"2023-10-22 17:47:06","0.25036308","-0.8839503","-0.39465263"
"2023-10-22 17:47:07","0.306902","-0.8414362","-0.43960714"
"2023-10-22 17:47:08","0.25637728","-0.8071472","-0.5187207"
"2023-10-22 17:47:09","0.2642554","-0.8717216","-0.40916514"
"2023-10-22 17:47:10","-0.26450872","0.9099567","0.31931284"
"2023-10-22 17:47:11","0.26219702","-0.8264204","-0.48917246"
"2023-10-22 17:47:12","0.1861306","-0.48951688","-0.8420052"
"2023-10-22 17:47:13","0.24643731","-0.8179286","-0.51971745"
"2023-10-22 17:47:14","0.15852991","-0.7345117","-0.65642756"
"2023-10-22 17:47:15","-0.10029687","0.7528659","0.65045416"
"2023-10-22 17:47:16","-0.121253066","0.8153853","0.56487525"
"2023-10-22 17:47:17","0.10989365","-0.7688804","-0.6295984"
"2023-10-22 17:47:18","0.09064106","-0.7635263","-0.63925254"
"2023-10-22 17:47:19","0.10481934","-0.75766057","-0.64417624"
"2023-10-22 17:47:20","-0.13890572","0.781614","0.60767215"
"2023-10-22 17:47:21","0.21694618","-0.44406363","-0.8288024"
"2023-10-22 17:47:22","0.20708513","-0.63738996","-0.74011695"
"2023-10-22 17:47:23","0.21961787","-0.69636315","-0.6769004"
"2023-10-22 17:47:24","0.21739131","-0.741307","-0.6306873"
"2023-10-22 17:47:25","0.18640459","-0.73652893","-0.643895"
"2023-11-06 09:52:13","-0.1360822","0.21874677","0.96624607"
"2023-11-06 09:52:14","0.08319464","-0.104301445","-0.990551"
"2023-11-06 09:52:15","0.02894326","0.15447764","0.98753315"
"2023-11-06 09:52:16","-0.6959138","0.25201088","-0.55914176"
"2023-11-06 09:52:17","-0.5208676","-0.118706055","-0.7960828"
"2023-11-06 09:52:18","-0.26481465","-0.17447892","-0.9445416"
"2023-11-06 09:52:19","0.525593","0.263108","0.78740245"
"2023-11-06 09:52:20","0.60836923","0.2924684","0.7066043"
"2023-11-06 09:52:21","0.6402837","0.35072228","0.61914575"
"2023-11-06 09:52:22","0.59768575","0.35435027","0.5208676"
"2023-11-06 09:52:23","0.5058026","0.34336498","0.47042537"
"2023-11-06 09:52:24","0.53789264","0.33708203","0.49788713"
"2023-11-06 09:52:25","0.58742404","0.36990595","0.46300882"
"2023-11-06 09:52:26","0.6431344","0.38083297","0.45633653"
"2023-11-06 09:52:27","0.63022417","0.41870874","0.47924352"
"2023-11-06 09:52:28","0.6349579","0.4074954","0.46117374"
"2023-11-06 09:52:29","0.62749845","0.43040615","0.44986084"
"2023-11-06 09:52:30","0.6011838","0.44873455","0.46550646"
"2023-11-06 09:52:31","0.5918212","0.45053372","0.46256873"
"2023-11-06 09:52:32","0.5766876","0.45647526","0.44238204"
"2023-11-06 09:52:33","0.5790352","0.43510345","0.41343856"
"2023-11-06 09:52:34","0.5518021","0.45683083","0.41596195"
"2023-11-06 09:52:35","0.55019426","0.43508747","0.38847077"
"2023-11-06 09:52:36","0.46554363","0.29056567","0.22007187"
"2023-11-06 09:52:37","0.4523994","0.2928177","0.2821813"
"2023-11-06 09:52:38","0.42939055","0.30705795","0.30037287"
"2023-11-06 09:52:39","0.42669773","0.28955263","0.30360043"
"2023-11-06 09:52:40","0.4176353","0.2898074","0.28950357"
"2023-11-06 09:52:41","0.40109286","0.30359113","0.3124942"
"2023-11-06 09:52:42","0.40094113","0.36610138","0.3732995"
"2023-11-06 09:52:43","0.4289521","0.34993923","0.38068327"
"2023-11-06 09:52:44","0.47673002","0.38120577","0.44149616"
"2023-11-06 09:52:45","0.4844868","0.3895401","0.47034165"
"2023-11-06 09:52:46","0.4667024","0.37456453","0.42367873"
"2023-11-06 09:52:47","0.47059128","0.35460097","0.41907355"
"2023-11-06 09:52:48","0.53856313","0.3599541","0.4476"
"2023-11-06 09:52:49","0.56626946","0.36300248","0.45964846"
"2023-11-06 09:52:50","0.59764725","0.37558776","0.47868797"
"2023-11-06 09:52:51","0.6424275","0.3981003","0.48352256"
"2023-11-06 09:52:52","0.5296605","0.3254812","0.44982696"
"2023-11-06 09:52:53","0.5893758","0.33798575","0.45590234"
"2023-11-06 09:52:54","0.63193953","0.3616102","0.47246027"
"2023-11-06 09:52:55","0.6741712","0.3777188","0.45399165"
"2023-11-06 09:52:56","0.69136596","0.37014595","0.44816068"
"2023-11-06 09:52:57","0.6979947","0.36167154","0.42596257"
"2023-11-06 09:52:58","0.7166332","0.32340798","0.39725783"
"2023-11-06 09:52:59","0.62672526","0.30660817","0.3048736"
"2023-11-06 09:53:00","0.57716006","0.31255913","0.32724544"
"2023-11-06 09:53:01","0.5255791","0.30202904","0.39423457"
"2023-11-06 09:53:02","0.5250962","0.21424143","0.31316242"
"2023-11-06 09:53:03","0.5302775","0.18550202","0.2842223"
"2023-11-06 09:53:05","0.52251995","0.22323237","0.32645002"
"2023-11-06 09:53:06","0.5001148","0.20986798","0.33808938"
"2023-11-06 09:53:07","0.4619309","0.19087023","0.37789738"
"2023-11-06 09:53:08","0.4711399","0.19882092","0.3965987"
"2023-11-06 09:53:09","0.47015268","0.2389299","0.43579423"
"2023-11-06 09:53:10","0.49626026","0.27746335","0.46413913"
"2023-11-06 09:53:11","0.51647526","0.3009643","0.48728678"
"2023-11-06 09:53:12","0.54757047","0.35127524","0.53237444"
"2023-11-06 09:53:13","0.5654184","0.4281901","0.5596549"
"2023-11-06 09:53:14","0.61615837","0.43553177","0.54317254"
"2023-11-06 09:53:15","0.6485192","0.4457437","0.50653106"
"2023-11-06 09:53:16","0.6635499","0.42923674","0.4758056"
"2023-11-06 09:53:17","0.6749502","0.42739484","0.47077784"
"2023-11-06 09:53:18","0.6605574","0.44173878","0.4824792"
"2023-11-06 09:53:19","0.614136","0.47776273","0.51889414"
"2023-11-06 09:53:20","0.6271334","0.43401203","0.4954571"
"2023-11-06 09:53:21","0.6062959","0.43531942","0.4864856"
"2023-11-06 09:53:22","0.6090996","0.40646547","0.46256956"
"2023-11-06 09:53:23","0.5547766","0.21433483","0.35992345"
"2023-11-06 09:53:24","0.5433289","0.2239748","0.38184538"
"2023-11-06 09:53:25","0.5179403","0.28661874","0.46164376"
"2023-11-06 09:53:26","0.48536766","0.30610597","0.4932249"
"2023-11-06 09:53:27","0.40926212","0.2749555","0.60507774"
"2023-11-06 09:53:28","0.355","0.32626596","0.6947665"
"2023-11-06 09:53:29","0.32929492","0.40537116","0.7612494"
"2023-11-06 09:53:30","0.31425044","0.46253535","0.7847841"
"2023-11-06 09:53:31","0.32982317","0.5331113","0.74731296"
"2023-11-06 09:53:32","0.34201103","0.57369196","0.72330505"
"2023-11-06 09:53:33","0.33190495","0.67752266","0.6514563"
"2023-11-06 09:53:34","0.27566788","0.56704164","0.7637702"
"2023-11-06 09:53:35","0.33854014","0.5954832","0.7129837"
"2023-11-06 09:53:36","0.34156013","0.6863836","0.6370738"
"2023-11-06 09:53:37","0.33359015","0.7238904","0.60099894"
"2023-11-06 09:53:38","0.34132037","0.71861845","0.6006932"
"2023-11-06 09:53:39","0.35061872","0.70600635","0.6050924"
"2023-11-06 09:53:40","0.35433888","0.68475664","0.6173784"
"2023-11-06 09:53:41","0.36968797","0.65190804","0.6155419"
"2023-11-06 09:53:42","0.38926643","0.6252346","0.6220699"
"2023-11-06 09:53:43","0.3926622","0.5944375","0.63377994"
"2023-11-06 09:53:44","0.4033406","0.5569724","0.6399656"
"2023-11-06 09:53:45","0.40981486","0.40473142","0.65701634"
"2023-11-06 09:53:46","0.40302664","0.3806385","0.6823554"
"2023-11-06 09:53:47","0.39228192","0.35171026","0.70667785"
"2023-11-06 09:53:48","0.35945258","0.39811853","0.75055504"
"2023-11-06 09:53:49","0.3548254","0.4771623","0.746721"
"2023-11-06 09:53:50","0.33542454","0.5413302","0.73537177"
"2023-11-06 09:53:51","0.35276583","0.5950025","0.6978294"
"2023-11-06 09:53:52","0.36321247","0.6933311","0.6127975"
"2023-11-06 09:53:53","0.378377","0.7101643","0.58472526"
"2023-11-06 09:53:54","0.38057575","0.71264464","0.57583404"
"2023-11-06 09:53:55","0.3518575","0.7196757","0.5882141"
"2023-11-06 09:53:56","0.37959468","0.6972662","0.5881013"
"2023-11-06 09:53:57","0.38962954","0.6736728","0.59625167"
"2023-11-06 09:53:58","0.36626577","0.6645641","0.60890096"
"2023-11-06 09:53:59","0.39506602","0.6225771","0.60307205"
"2023-11-06 09:54:00","0.39513266","0.5932985","0.62571555"
"2023-11-06 09:54:01","0.3964248","0.5711327","0.6354443"
"2023-11-06 09:54:02","0.40377635","0.50177765","0.64380807"
"2023-11-06 09:54:03","0.38221475","0.45503616","0.6767046"
"2023-11-06 09:54:04","0.41281012","0.42415634","0.66473746"
"2023-11-06 09:54:05","0.4478472","0.37513456","0.6497959"
"2023-11-06 09:54:06","0.44785273","0.3871202","0.64591116"
"2023-11-06 09:54:07","0.39787552","0.4476076","0.66566205"
"2023-11-06 09:54:08","0.31996366","0.5027101","0.7538947"
"2023-11-06 09:54:09","0.29250672","0.5692199","0.74300486"
"2023-11-06 09:54:10","0.2978391","0.595835","0.7298776"
"2023-11-06 09:54:11","0.3355945","0.62243026","0.69251144"
"2023-11-06 09:54:12","0.35071376","0.6852883","0.6292724"
"2023-11-06 09:54:13","0.31764606","0.73918295","0.590527"
"2023-11-06 09:54:14","0.31977504","0.74335635","0.58241326"
"2023-11-06 09:54:15","0.35033813","0.7299457","0.571715"
"2023-11-06 09:54:16","0.34845996","0.7279872","0.57462674"
"2023-11-06 09:54:17","0.32304814","0.7297656","0.5885212"
"2023-11-06 09:54:18","0.30851042","0.7152123","0.6092506"
"2023-11-06 09:54:19","0.3163386","0.69144416","0.6217404"
"2023-11-06 09:54:20","0.34717533","0.6436036","0.61723024"
"2023-11-06 09:54:21","0.34109035","0.626971","0.64319915"
"2023-11-06 09:54:22","0.29642567","0.74073344","0.59348357"
"2023-11-06 09:54:23","0.2837117","0.72606415","0.61283535"
"2023-11-06 09:54:24","0.30670825","0.68918926","0.62547386"
"2023-11-06 09:54:25","0.30277637","0.6672852","0.6318471"
"2023-11-06 09:54:26","0.31581274","0.64236045","0.6455326"
"2023-11-06 09:54:27","0.32121122","0.61730677","0.67103714"
"2023-11-06 09:54:28","0.35219848","0.5683602","0.6713928"
"2023-11-06 09:54:29","0.37682644","0.4563246","0.68726605"
"2023-11-06 09:54:30","0.38427117","0.4324812","0.67993826"
"2023-11-06 09:54:31","0.34682587","0.39032665","0.7504909"
"2023-11-06 09:54:32","0.36559883","0.39195618","0.7574508"
"2023-11-06 09:54:33","0.35887802","0.4085227","0.758217"
"2023-11-06 09:54:34","0.34461227","0.46261203","0.7558173"
"2023-11-06 09:54:35","0.3291206","0.5006938","0.74656636"
"2023-11-06 09:54:36","0.29076198","0.57194567","0.7288713"
"2023-11-06 09:54:37","0.27481097","0.60962117","0.72409046"
"2023-11-06 09:54:38","0.2355641","0.6499486","0.717681"
"2023-11-06 09:54:39","0.261972","0.7085313","0.6541582"
"2023-11-06 09:54:40","0.29671097","0.72884905","0.61202765"
"2023-11-06 09:54:41","0.2722431","0.7667517","0.5756713"
"2023-11-06 09:54:42","0.2757961","0.75651723","0.5860481"
"2023-11-06 09:54:43","0.30678272","0.74445766","0.5814754"
"2023-11-06 09:54:44","0.28868362","0.7466647","0.5859467"
"2023-11-06 09:54:45","0.30051833","0.7262224","0.60035354"
"2023-11-06 09:54:46","0.32485422","0.6952219","0.6072772"
"2023-11-06 09:54:47","0.32487777","0.6750262","0.6104948"
"2023-11-06 09:54:48","0.33737737","0.6449246","0.6208794"
"2023-11-06 09:54:49","0.36061314","0.61065716","0.63161606"
"2023-11-06 09:54:50","0.35521516","0.56254274","0.6602774"
"2023-11-06 09:54:51","0.38811558","0.46615067","0.6411592"
"2023-11-06 09:54:52","0.38357052","0.40906328","0.6742576"
"2023-11-06 09:54:53","0.42916486","0.349887","0.63243026"
"2023-11-06 09:54:54","0.3464284","0.3865624","0.7574826"
"2023-11-06 09:54:55","0.35900882","0.44041052","0.7372715"
"2023-11-06 09:54:56","0.4232481","0.4379876","0.66901094"
"2023-11-06 09:54:57","0.51049405","0.4286775","0.57958794"
"2023-11-06 09:54:58","0.510025","0.52849376","0.56159043"
"2023-11-06 09:54:59","0.4273806","0.608963","0.61609507"
"2023-11-06 09:55:00","0.38551903","0.68476975","0.6005079"
"2023-11-06 09:55:01","0.3528733","0.71623516","0.5890521"
"2023-11-06 09:55:02","0.35496613","0.7131998","0.5895092"
"2023-11-06 09:55:03","0.34631124","0.7210701","0.57870424"
"2023-11-06 09:55:04","0.30864888","0.73933387","0.5830899"
"2023-11-06 09:55:05","0.35459822","0.71642995","0.5754055"
"2023-11-06 09:55:06","0.33433917","0.70774066","0.59036803"
"2023-11-06 09:55:07","0.32313165","0.6896937","0.6039288"
"2023-11-06 09:55:08","0.35708848","0.64000934","0.6071883"
"2023-11-06 09:55:09","0.32854313","0.61367995","0.6502686"
"2023-11-06 09:55:10","0.32714465","0.54697007","0.683453"
"2023-11-06 09:55:11","0.3713023","0.5366916","0.63520044"
"2023-11-06 09:55:12","0.37816522","0.4153955","0.6544757"
"2023-11-06 09:55:13","0.4274866","0.34608468","0.6308419"
"2023-11-06 09:55:14","0.38338822","0.52556115","0.6422158"
"2023-11-06 09:55:15","0.42387387","0.39916298","0.6184003"
"2023-11-06 09:55:16","0.43097827","0.34006676","0.6090665"
"2023-11-06 09:55:17","0.41928306","0.30719325","0.6650674"
"2023-11-06 09:55:18","0.40031406","0.37152728","0.6847355"
"2023-11-06 09:55:19","0.3952242","0.45149156","0.6904495"
"2023-11-06 09:55:20","0.35646215","0.5198918","0.70885617"
"2023-11-06 09:55:21","0.35334772","0.59572345","0.6795165"
"2023-11-06 09:55:22","0.31042087","0.71638435","0.6044499"
"2023-11-06 09:55:23","0.29993162","0.74833345","0.5782019"
"2023-11-06 09:55:24","0.33890516","0.7256414","0.57100517"
"2023-11-06 09:55:25","0.33410054","0.7099961","0.58285624"
"2023-11-06 09:55:26","0.3695641","0.64551","0.600585"
"2023-11-06 09:55:27","0.3583563","0.6063726","0.6357154"
"2023-11-06 09:55:28","0.36660966","0.5503815","0.6615678"
"2023-11-06 09:55:29","0.35624894","0.5169458","0.6618373"
"2023-11-06 09:55:30","0.3758698","0.4250372","0.67487866"
"2023-11-06 09:55:31","0.4287769","0.3858674","0.6500003"
"2023-11-06 09:55:32","0.44261912","0.37372535","0.63951427"
"2023-11-06 09:55:33","0.38596","0.41425252","0.6554949"
"2023-11-06 09:55:34","0.39164504","0.38259417","0.6924358"
"2023-11-06 09:55:35","0.36277038","0.3769286","0.73862433"
"2023-11-06 09:55:36","0.38299173","0.3731365","0.72773105"
"2023-11-06 09:55:37","0.37964687","0.41052616","0.7226197"
"2023-11-06 09:55:38","0.34063312","0.47423035","0.73436993"
"2023-11-06 09:55:39","0.41906568","0.68768287","0.5633712"
"2023-11-06 09:55:40","0.47685447","0.6584248","0.51490873"
"2023-11-06 09:55:41","0.4054546","0.6924718","0.54938036"
"2023-11-06 09:55:42","0.32267874","0.7097564","0.59107727"
"2023-11-06 09:55:43","0.34092546","0.6735695","0.60524625"
"2023-11-06 09:55:44","0.34699953","0.6398485","0.61416525"
"2023-11-06 09:55:45","0.3390946","0.6217952","0.6430959"
"2023-11-06 09:55:46","0.37293288","0.5467422","0.6642203"
"2023-11-06 09:55:47","0.3662315","0.4922296","0.66976154"
"2023-11-06 09:55:48","0.37488154","0.43654653","0.6827652"
"2023-11-06 09:55:49","0.42638803","0.41459838","0.63507646"
"2023-11-06 09:55:50","0.38507256","0.4326087","0.6674328"
"2023-11-06 09:55:51","0.32863057","0.45995122","0.73687226"
"2023-11-06 09:55:52","0.32544792","0.4474979","0.75374347"
"2023-11-06 09:55:53","0.2220485","0.41695493","0.8417715"
"2023-11-06 09:55:54","0.2432807","0.5171227","0.79239184"
"2023-11-06 09:55:55","0.23033126","0.6329004","0.73343176"
"2023-11-06 09:55:56","0.17208481","0.7196771","0.67263275"
"2023-11-06 09:55:57","-0.16510159","-0.7696096","-0.61663324"
"2023-11-06 09:55:58","-0.13345706","-0.7537403","-0.6409891"
"2023-11-06 09:55:59","-0.11726034","-0.7544069","-0.6429417"
"2023-11-06 09:56:00","-0.111295074","-0.81130385","-0.5722072"
"2023-11-06 09:56:01","0.21478683","0.6921407","0.67566144"
"2023-11-06 09:56:02","0.31675583","0.50482184","0.7622109"
"2023-11-06 09:56:03","0.31774917","0.48633713","0.7699643"
"2023-11-06 09:56:04","0.35897934","0.40709764","0.7906515"
"2023-11-06 09:56:05","0.3620115","0.31461427","0.8446876"
"2023-11-06 09:56:06","0.32107174","0.3851925","0.83438045"
"2023-11-06 09:56:07","0.19078955","0.5864954","0.7831188"
"2023-11-06 09:56:08","0.21779278","0.7340968","0.64315355"
"2023-11-06 09:56:09","-0.1388187","-0.81317157","-0.5629962"
"2023-11-06 09:56:10","0.3309891","0.7225859","0.57789946"
"2023-11-06 09:56:11","0.4732719","0.57233995","0.5206114"
"2023-11-06 09:56:12","0.5455346","0.43199995","0.43607518"
"2023-11-06 09:56:13","0.54312676","0.24223346","0.3441828"
"2023-11-06 09:56:14","0.572381","0.12551491","0.25944477"
"2023-11-06 09:56:15","0.56632626","0.10486442","0.21683204"
"2023-11-06 09:56:16","0.5723677","0.11065048","0.18381889"
"2023-11-06 09:56:17","0.55507654","0.09403896","0.20995338"
"2023-11-06 09:56:18","0.5297156","0.07756947","0.2663838"
"2023-11-06 09:56:19","0.5491992","0.15497905","0.33261484"
"2023-11-06 09:56:20","0.60264635","0.26192772","0.38448393"
"2023-11-06 09:56:21","0.6520186","0.32002825","0.38744774"
"2023-11-06 09:56:22","0.71565306","0.38847154","0.33653787"
"2023-11-06 09:56:23","0.7178811","0.38725266","0.33177146"
"2023-11-06 09:56:24","0.7099246","0.39049822","0.3245326"
"2023-11-06 09:56:25","0.634206","0.21808137","0.26792803"
"2023-11-06 09:56:26","0.6044201","0.15603049","0.20100863"
"2023-11-06 09:56:27","0.5699841","0.09972888","0.18173553"
"2023-11-06 09:56:28","0.57680774","0.038733326","0.12734404"
"2023-11-06 09:56:29","0.57671994","0.1023092","0.16486624"
"2023-11-06 09:56:30","0.5467603","0.092502415","0.23445804"
"2023-11-06 09:56:31","0.52197975","0.0582233","0.29343557"
"2023-11-06 09:56:32","0.53288174","0.11494428","0.35707557"
"2023-11-06 09:56:33","0.54218304","0.19899775","0.41839206"
"2023-11-06 09:56:34","0.5675213","0.2604335","0.4047067"
"2023-11-06 09:56:35","0.594881","0.27364674","0.4713795"
"2023-11-06 09:56:36","0.6321778","0.3710119","0.4144118"
"2023-11-06 09:56:37","0.69168526","0.41189882","0.3518422"
"2023-11-06 09:56:38","0.69031644","0.40772143","0.32873395"
"2023-11-06 09:56:39","0.661761","0.4014875","0.33502358"
"2023-11-06 09:56:40","0.63052595","0.38502973","0.3373665"
"2023-11-06 09:56:41","0.61707747","0.33891368","0.34932807"
"2023-11-06 09:56:42","0.60498464","0.25379863","0.3081549"
"2023-11-06 09:56:43","0.56405526","0.15926869","0.29559174"
"2023-11-06 09:56:44","0.56691974","0.10758957","0.2761591"
"2023-11-06 09:56:45","0.5828884","0.15022254","0.2533689"
"2023-11-06 09:56:46","0.53038883","0.15665339","0.3650881"
"2023-11-06 09:56:47","0.48964596","0.24426131","0.5228981"
"2023-11-06 09:56:48","0.45313263","0.3815235","0.62923497"
"2023-11-06 09:56:49","0.4374239","0.6802197","0.5230617"
"2023-11-06 09:56:50","0.39835247","0.6948724","0.5437248"
"2023-11-06 09:56:51","0.3437427","0.7195711","0.57602286"
"2023-11-06 09:56:52","0.33887285","0.7297974","0.555534"
"2023-11-06 09:56:53","0.30190596","0.7122975","0.59429634"
"2023-11-06 09:56:54","0.3558949","0.63293755","0.5994251"
"2023-11-06 09:56:55","0.34113362","0.60106635","0.6285089"
"2023-11-06 09:56:56","0.34897408","0.50619894","0.6522087"
"2023-11-06 09:56:57","0.38415036","0.43577307","0.66333616"
"2023-11-06 09:56:58","0.36551824","0.4684804","0.6798289"
"2023-11-06 09:56:59","0.3302998","0.4641266","0.72854114"
"2023-11-06 09:57:00","0.2642024","0.56779826","0.7551408"
"2023-11-06 09:57:01","0.4296694","0.5282048","0.608141"
"2023-11-06 09:57:02","0.23145287","0.7771787","0.5693997"
"2023-11-06 09:57:03","0.17891914","0.7238128","0.64473397"
"2023-11-06 09:57:05","0.09403318","0.67478836","0.7282206"
"2023-11-06 09:57:06","0.12352947","0.58428955","0.790827"
"2023-11-06 09:57:07","0.12877159","0.57725245","0.8003229"
"2023-11-06 09:57:08","-0.013452592","-0.5835121","-0.8096128"
"2023-11-06 09:57:09","0.034994222","-0.5549811","-0.80824864"
"2023-11-06 09:57:10","0.21555091","-0.6339139","-0.6763311"
"2023-11-06 09:57:11","0.4779548","-0.6516953","-0.46067375"
"2023-11-06 09:57:12","0.6300448","-0.42797142","-0.35630238"
"2023-11-06 09:57:13","0.6033519","-0.2764294","-0.25778198"
"2023-11-06 09:57:14","0.59884465","-0.2831994","-0.21602063"
"2023-11-06 09:57:15","0.6031784","-0.29681584","-0.22914717"
"2023-11-06 09:57:16","0.6158617","-0.23449779","-0.209455"
"2023-11-06 09:57:17","0.6206451","-0.2310839","-0.20014629"
"2023-11-06 09:57:18","0.73998576","-0.20870808","-0.056006186"
"2023-11-06 09:57:19","0.6084103","-0.2525578","-0.22013824"
"2023-11-06 09:57:20","0.6359515","-0.21495733","-0.1669949"
"2023-11-06 09:57:21","0.6455454","-0.22837266","-0.18619613"
"2023-11-06 09:57:22","0.6024732","-0.2382927","-0.19639668"
"2023-11-06 09:57:23","0.4264037","-0.27096215","-0.22407418"
"2023-11-06 09:57:24","0.5954011","-0.24264513","-0.19111662"
"2023-11-06 09:57:25","0.6407127","-0.21341215","-0.19390912"
"2023-11-06 09:57:26","0.61818796","-0.1799705","-0.1783326"
"2023-11-06 09:57:27","0.6301285","-0.21343245","-0.20105655"
"2023-11-06 09:57:28","0.5974834","-0.21008834","-0.21884477"
"2023-11-06 09:57:29","0.4968491","-0.19542986","-0.17887631"
"2023-11-06 09:57:30","0.60542715","0.039659526","-0.08563209"
"2023-11-06 09:57:31","0.57660955","-0.1679141","0.167483"
"2023-11-06 09:57:32","0.08791867","0.24705137","0.9200644"
"2023-11-06 09:57:33","-0.06199402","0.31259522","0.8635615"
"2023-11-06 10:54:40","0.04774461","0.3402958","0.70098007"
"2023-11-06 10:54:41","0.21940736","0.04793919","0.89072204"
"2023-11-06 10:54:42","0.39649367","-0.0110937795","-0.827622"
"2023-11-06 10:54:43","0.32741416","0.12815447","-0.74612117"
"2023-11-06 10:54:44","0.110899605","0.13785467","-0.72279066"
"2023-11-06 10:54:45","-0.013496395","0.005333524","-0.55807346"
"2023-11-06 10:54:46","0.023687541","0.030564284","-0.50010496"
"2023-11-06 10:54:47","0.023833934","0.033635937","-0.3659353"
"2023-11-06 10:54:48","0.0138417","0.018856902","-0.46402523"
"2023-11-06 10:54:49","0.012060032","0.0127400495","-0.42251608"
"2023-11-06 10:54:50","0.017269928","0.0126496265","-0.39027482"
"2023-11-06 10:54:51","0.008090387","0.011216847","-0.44136485"
"2023-11-06 10:54:52","-0.006612638","0.006205303","-0.4654936"
"2023-11-06 10:54:53","-0.0041028513","0.01342204","-0.47785658"
"2023-11-06 10:54:54","-0.030321704","-5.65413E-4","-0.47782683"
"2023-11-06 10:54:55","-0.046723895","-0.01851333","-0.48486167"
"2023-11-06 10:54:56","-0.019541932","-0.015578781","-0.35129464"
"2023-11-06 10:54:57","-0.022132888","-0.020480447","-0.3558699"
"2023-11-06 10:54:58","-0.018883647","-0.018890167","-0.36882135"
"2023-11-06 10:54:59","-0.018536646","-0.016901212","-0.39430752"
"2023-11-06 10:55:00","-0.021892225","-0.01922473","-0.3942413"
"2023-11-06 10:55:01","-0.01994141","-0.017045083","-0.40232232"
"2023-11-06 10:55:02","-0.017977457","-0.019008867","-0.3750106"
"2023-11-06 10:55:03","-0.022627018","-0.015301738","-0.4335738"
"2023-11-06 10:55:04","-0.016874045","-0.01719921","-0.3707857"
"2023-11-06 10:55:05","-0.021934723","-0.01688097","-0.41217697"
"2023-11-06 10:55:06","-0.017380798","-0.014721674","-0.3931984"
"2023-11-06 10:55:07","-0.017065585","-0.016220631","-0.37986195"
"2023-11-06 10:55:08","-0.016807992","-0.016421527","-0.37956965"
"2023-11-06 10:55:09","-0.016275557","-0.016666997","-0.3791379"
"2023-11-06 10:55:10","-0.016207362","-0.017227612","-0.37857896"
"2023-11-06 10:55:11","-0.016400477","-0.017312577","-0.3785697"
"2023-11-06 10:55:12","-0.016296277","-0.016875103","-0.3789476"
"2023-11-06 10:55:13","-0.01597387","-0.016771037","-0.3789268"
"2023-11-06 10:55:14","-0.01620994","-0.017408768","-0.37840733"
"2023-11-06 10:55:15","-0.016076028","-0.017056162","-0.37869346"
"2023-11-06 10:55:16","-0.015820285","-0.016805086","-0.3788374"
"2023-11-06 10:55:17","-0.015900336","-0.01724931","-0.3784444"
"2023-11-06 10:55:18","-0.015575725","-0.016784744","-0.378766"
"2023-11-06 10:55:19","-0.01556223","-0.016909728","-0.37864214"
"2023-11-06 10:55:20","-0.015514348","-0.017192092","-0.37835583"
"2023-11-06 10:55:21","-0.0154031785","-0.016915046","-0.37857813"
"2023-11-06 10:55:22","-0.015242828","-0.016765175","-0.37866113"
"2023-11-06 10:55:23","-0.015799768","-0.017848838","-0.377836"
"2023-11-06 10:55:24","-0.015674684","-0.017943226","-0.37769976"
"2023-11-06 10:55:25","-0.015579634","-0.017145395","-0.37842444"
"2023-11-06 10:55:26","-0.016274784","-0.017193377","-0.37990782"
"2023-11-06 10:55:27","-0.01699804","-0.018197851","-0.39260092"
"2023-11-06 10:55:28","-0.018613722","-0.01734072","-0.41291466"
"2023-11-06 10:55:29","-0.0193539","-0.016688328","-0.41507012"
"2023-11-06 10:55:30","-0.01961587","-0.01723731","-0.41467318"
"2023-11-06 10:55:31","-0.02008417","-0.017422454","-0.41095766"
"2023-11-06 10:55:32","-0.019791042","-0.016547447","-0.41164413"
"2023-11-06 10:55:33","-0.01969309","-0.016151112","-0.4119681"
"2023-11-06 10:55:34","-0.01954159","-0.016091699","-0.41196245"
"2023-11-06 10:55:35","-0.019649798","-0.016193666","-0.41191202"
"2023-11-06 10:55:36","-0.01984466","-0.016783953","-0.4114487"
"2023-11-06 10:55:37","-0.019518064","-0.016514625","-0.41156623"
"2023-11-06 10:55:38","-0.019632762","-0.016271092","-0.41183445"
"2023-11-06 10:55:39","-0.019634314","-0.016412495","-0.41170567"
"2023-11-06 10:55:40","-0.019640176","-0.016456787","-0.41166747"
"2023-11-06 10:55:41","-0.019871356","-0.016764453","-0.41147712"
"2023-11-06 10:55:42","-0.019776022","-0.016519992","-0.41166332"
"2023-11-06 10:55:43","-0.019699657","-0.016499436","-0.41165194"
"2023-11-06 10:55:44","-0.01973171","-0.016455034","-0.4117053"
"2023-11-06 10:55:45","-0.01978926","-0.01687296","-0.4113452"
"2023-11-06 10:55:46","-0.019694556","-0.016455274","-0.41169035"
"2023-11-06 10:55:47","-0.019748546","-0.016409116","-0.41175398"
"2023-11-06 10:55:48","-0.019848552","-0.016374499","-0.41182524"
"2023-11-06 10:55:49","-0.019902484","-0.016611183","-0.41162986"
"2023-11-06 10:55:50","-0.019972717","-0.016572222","-0.41169333"
"2023-11-06 10:55:51","-0.019699551","-0.016384654","-0.41175696"
"2023-11-06 10:55:52","-0.019985626","-0.016447933","-0.41181228"
"2023-11-06 10:55:53","-0.020006493","-0.016903833","-0.4114028"
"2023-11-06 10:55:54","-0.019831168","-0.016300326","-0.41188625"
"2023-11-06 10:55:55","-0.019838227","-0.016162166","-0.41201547"
"2023-11-06 10:55:56","-0.019949451","-0.016679589","-0.41158578"
"2023-11-06 10:55:57","-0.019964738","-0.016636116","-0.41163164"
"2023-11-06 10:55:58","-0.019784989","-0.016371446","-0.4118029"
"2023-11-06 10:55:59","-0.020009719","-0.016462818","-0.4118082"
"2023-11-06 10:56:00","-0.019818231","-0.01630746","-0.4118746"
"2023-11-06 10:56:01","-0.019799422","-0.016286604","-0.41188625"
"2023-11-06 10:56:02","-0.019940471","-0.016634494","-0.41162354"
"2023-11-06 10:56:03","-0.019804975","-0.016181476","-0.41198462"
"2023-11-06 10:56:04","-0.019789932","-0.016187804","-0.41197288"
"2023-11-06 10:56:05","-0.019976866","-0.016911983","-0.4113836"
"2023-11-06 10:56:06","-0.019859105","-0.016380984","-0.41182348"
"2023-11-06 10:56:07","-0.019745508","-0.016197914","-0.41194606"
"2023-11-06 10:56:08","-0.019946806","-0.016125824","-0.41209173"
"2023-11-06 10:56:09","-0.020162659","-0.016855873","-0.41150853"
"2023-11-06 10:56:10","-0.0200554","-0.01630484","-0.41197094"
"2023-11-06 10:56:11","-0.020013768","-0.0162637","-0.4119921"
"2023-11-06 10:56:12","-0.019977132","-0.01652901","-0.41173467"
"2023-11-06 10:56:13","-0.020039545","-0.016492834","-0.41179252"
"2023-11-06 10:56:14","-0.019994173","-0.016081078","-0.41215146"
"2023-11-06 10:56:15","-0.020610409","-0.015093944","-0.41329852"
"2023-11-06 10:56:16","-0.020544674","-0.0150658265","-0.41329804"
"2023-11-06 10:56:17","-0.026225183","-0.014480443","-0.41333413"
"2023-11-06 10:56:18","-0.026024792","-0.017613066","-0.41100156"
"2023-11-06 10:56:19","-0.019969935","-0.017289555","-0.4072829"
"2023-11-06 10:56:20","-0.020190079","-0.017134266","-0.40751156"
"2023-11-06 10:56:21","-0.02018248","-0.017080428","-0.40755802"
"2023-11-06 10:56:22","-0.02000097","-0.017414236","-0.4071805"
"2023-11-06 10:56:23","-0.020006431","-0.017067699","-0.40750086"
"2023-11-06 10:56:24","-0.020072406","-0.017045747","-0.4075468"
"2023-11-06 10:56:25","-0.019993575","-0.017141841","-0.40742776"
"2023-11-06 10:56:26","-0.019945875","-0.017117862","-0.40743113"
"2023-11-06 10:56:27","-0.019952318","-0.017113643","-0.40743753"
"2023-11-06 10:56:28","-0.019979049","-0.01731415","-0.40726388"
"2023-11-06 10:56:29","-0.020038342","-0.01718907","-0.4074019"
"2023-11-06 10:56:30","-0.02001232","-0.017188938","-0.40739185"
"2023-11-06 10:56:31","-0.020088956","-0.017302798","-0.40731725"
"2023-11-06 10:56:32","-0.020035531","-0.017293239","-0.40730515"
"2023-11-06 10:56:33","-0.020183783","-0.017128011","-0.40751484"
"2023-11-06 10:56:34","-0.01998816","-0.017345365","-0.40723875"
"2023-11-06 10:56:35","-0.020197855","-0.017571608","-0.4071128"
"2023-11-06 10:56:36","-0.020113245","-0.017411774","-0.40722662"
"2023-11-06 10:56:37","-0.019951819","-0.017270945","-0.4072929"
"2023-11-06 10:56:38","-0.020201778","-0.017517464","-0.4071641"
"2023-11-06 10:56:39","-0.020239877","-0.017921241","-0.40680763"
"2023-11-06 10:56:40","-0.020096634","-0.01745122","-0.4071839"
"2023-11-06 10:56:41","-0.020090697","-0.017398318","-0.40723017"
"2023-11-06 10:56:42","-0.020029595","-0.017939547","-0.40670875"
"2023-11-06 10:56:43","-0.019859033","-0.017321575","-0.40721017"
"2023-11-06 10:56:44","-0.019893412","-0.01715169","-0.40737957"
"2023-11-06 10:56:45","-0.02004743","-0.017722353","-0.40691546"
"2023-11-06 10:56:46","-0.022791302","-0.021791866","-0.40430796"
"2023-11-06 10:56:48","-0.041049857","-0.011433791","-0.45005488"
"2023-11-06 10:56:49","-0.04947296","-0.010196042","-0.4450588"
"2023-11-06 10:56:50","-0.058329552","-0.009246143","-0.555959"
"2023-11-06 10:56:51","-0.037921727","-0.014887368","-0.47765812"
"2023-11-06 10:56:52","-0.030987393","-0.015564086","-0.45290548"
"2023-11-06 10:56:53","-0.030251255","-0.0149816265","-0.45295876"
"2023-11-06 10:56:54","-0.030371137","-0.016076062","-0.45207042"
"2023-11-06 10:56:55","-0.029954748","-0.015227966","-0.4526238"
"2023-11-06 10:56:56","-0.030184595","-0.014968855","-0.4529418"
"2023-11-06 10:56:57","-0.030281818","-0.015566583","-0.45247033"
"2023-11-06 10:56:58","-0.030137364","-0.015177495","-0.45274338"
"2023-11-06 10:56:59","-0.030140134","-0.015272299","-0.45266333"
"2023-11-06 10:57:00","-0.03003342","-0.015162115","-0.4527131"
"2023-11-06 10:57:01","-0.030266374","-0.01563874","-0.452402"
"2023-11-06 10:57:02","-0.030124288","-0.015313833","-0.45262113"
"2023-11-06 10:57:03","-0.030207269","-0.015183007","-0.4527679"
"2023-11-06 10:57:04","-0.030050151","-0.015179728","-0.45270503"
"2023-11-06 10:57:05","-0.030426871","-0.015999883","-0.4521591"
"2023-11-06 10:57:06","-0.030302782","-0.015308447","-0.45270038"
"2023-11-06 10:57:07","-0.030441822","-0.015301178","-0.45276478"
"2023-11-06 10:57:08","-0.030409362","-0.015525981","-0.45255846"
"2023-11-06 10:57:09","-0.030486634","-0.015723953","-0.45242095"
"2023-11-06 10:57:10","-0.030271953","-0.015422905","-0.4525894"
"2023-11-06 10:57:11","-0.030294007","-0.015359723","-0.45265275"
"2023-11-06 10:57:12","-0.030411936","-0.015543373","-0.45254463"
"2023-11-06 10:57:13","-0.030270983","-0.015565098","-0.45246708"
"2023-11-06 10:57:14","-0.030255796","-0.0153218005","-0.4526693"
"2023-11-06 10:57:15","-0.030309735","-0.015260852","-0.45274407"
"2023-11-06 10:57:16","-0.030291403","-0.015306476","-0.4526973"
"2023-11-06 10:57:17","-0.03061353","-0.015767146","-0.45243692"
"2023-11-06 10:57:18","-0.030351162","-0.015794469","-0.45230383"
"2023-11-06 10:57:19","-0.030371912","-0.015323068","-0.45271677"
"2023-11-06 10:57:20","-0.030343886","-0.015324516","-0.4527038"
"2023-11-06 10:57:21","-0.03045777","-0.015914377","-0.45224544"
"2023-11-06 10:57:22","-0.030370127","-0.015477578","-0.45258355"
"2023-11-06 10:57:23","-0.030377893","-0.015424601","-0.45263222"
"2023-11-06 10:57:24","-0.030463634","-0.015431333","-0.45266232"
"2023-11-06 10:57:25","-0.030513741","-0.015842183","-0.4523308"
"2023-11-06 10:57:26","-0.030394878","-0.015412792","-0.45264947"
"2023-11-06 10:57:27","-0.030384647","-0.015381496","-0.452672"
"2023-11-06 10:57:28","-0.030403592","-0.015310571","-0.45274073"
"2023-11-06 10:57:29","-0.03048758","-0.015838467","-0.45232305"
"2023-11-06 10:57:30","-0.030419521","-0.0155373365","-0.45255297"
"2023-11-06 10:57:31","-0.030544959","-0.015425436","-0.4527014"
"2023-11-06 10:57:32","-0.030447891","-0.015363972","-0.4527135"
"2023-11-06 10:57:33","-0.030644929","-0.015683133","-0.45252216"
"2023-11-06 10:57:34","-0.030550212","-0.01566115","-0.45250142"
"2023-11-06 10:57:35","-0.030463086","-0.015379249","-0.45270675"
"2023-11-06 10:57:36","-0.03051378","-0.015222702","-0.45286214"
"2023-11-06 10:57:37","-0.030490614","-0.01577851","-0.4523758"
"2023-11-06 10:57:38","-0.030530244","-0.015250622","-0.4528451"
"2023-11-06 10:57:39","-0.030556986","-0.015298281","-0.45281544"
"2023-11-06 10:57:40","-0.030509887","-0.015924728","-0.45225832"
"2023-11-06 10:57:41","-0.030556496","-0.015380132","-0.45274505"
"2023-11-06 10:57:42","-0.03047145","-0.015526469","-0.452584"
"2023-11-06 10:57:43","-0.030771773","-0.015956143","-0.4523408"
"2023-11-06 10:57:44","-0.030606741","-0.015396799","-0.4527518"
"2023-11-06 10:57:45","-0.030485542","-0.015437068","-0.45266655"
"2023-11-06 10:57:46","-0.030555751","-0.015977517","-0.45223215"
"2023-11-06 10:57:47","-0.030491142","-0.0154452305","-0.4526619"
"2023-11-06 10:57:48","-0.030576661","-0.015456215","-0.45268828"
"2023-11-06 10:57:49","-0.030725235","-0.015923128","-0.4523497"
"2023-11-06 10:57:50","-0.030493299","-0.015386844","-0.45271286"
"2023-11-06 10:57:51","-0.030556872","-0.01543187","-0.45270085"
"2023-11-06 10:57:52","-0.030731183","-0.015764637","-0.45248827"
"2023-11-06 10:57:53","-0.030786484","-0.015580586","-0.45266935"
"2023-11-06 10:57:54","-0.030577615","-0.015495527","-0.45265496"
"2023-11-06 10:57:55","-0.030744085","-0.015452718","-0.45276132"
"2023-11-06 10:57:56","-0.03091141","-0.015977234","-0.45238107"
"2023-11-06 10:57:57","-0.030804878","-0.015649231","-0.45261815"
"2023-11-06 10:57:58","-0.03063914","-0.015627148","-0.4525678"
"2023-11-06 10:57:59","-0.030791685","-0.015672721","-0.45259246"
"2023-11-06 10:58:00","-0.030712578","-0.015765535","-0.45247972"
"2023-11-06 10:58:01","-0.030889962","-0.016247828","-0.45213956"
"2023-11-06 10:58:02","-0.030784296","-0.015522831","-0.452718"
"2023-11-06 10:58:03","-0.0305216","-0.015485458","-0.45264015"
"2023-11-06 10:58:04","-0.030860355","-0.016048359","-0.4522986"
"2023-11-06 10:58:05","-0.03069271","-0.015811788","-0.4524317"
"2023-11-06 10:58:06","-0.030682234","-0.015515694","-0.45268142"
"2023-11-06 10:58:07","-0.03080178","-0.01581695","-0.4524729"
"2023-11-06 10:58:08","-0.030677289","-0.015713152","-0.45250994"
"2023-11-06 10:58:09","-0.030770391","-0.01565823","-0.452596"
"2023-11-06 10:58:10","-0.030767495","-0.015917439","-0.45237225"
"2023-11-06 10:58:11","-0.031036774","-0.016114734","-0.45231533"
"2023-11-06 10:58:12","-0.030742643","-0.015670951","-0.45257348"
"2023-11-06 10:58:13","-0.03069902","-0.015512567","-0.45269114"
"2023-11-06 10:58:14","-0.030899934","-0.015613941","-0.45268822"
"2023-11-06 10:58:15","-0.030838193","-0.015775723","-0.4525235"
"2023-11-06 10:58:16","-0.03077133","-0.015883422","-0.45240307"
"2023-11-06 10:58:17","-0.03087329","-0.015587656","-0.45269963"
"2023-11-06 10:58:18","-0.03085364","-0.015639849","-0.4526466"
"2023-11-06 10:58:19","-0.030937092","-0.016031085","-0.45234555"
"2023-11-06 10:58:20","-0.030954747","-0.015732275","-0.45260957"
"2023-11-06 10:58:21","-0.030697662","-0.015539514","-0.45266744"
"2023-11-06 10:58:22","-0.030918926","-0.015571385","-0.45273268"
"2023-11-06 10:58:23","-0.031034648","-0.015961725","-0.45244595"
"2023-11-06 10:58:24","-0.030789072","-0.01574862","-0.45252624"
"2023-11-06 10:58:25","-0.030941745","-0.015657345","-0.45266846"
"2023-11-06 10:58:26","-0.030992102","-0.016121374","-0.45229095"
"2023-11-06 10:58:27","-0.03091377","-0.015755026","-0.4525729"
"2023-11-06 10:58:28","-0.030906675","-0.015470051","-0.45281452"
"2023-11-06 10:58:29","-0.03082358","-0.015620394","-0.45265073"
"2023-11-06 10:58:30","-0.030967653","-0.016103495","-0.4522961"
"2023-11-06 10:58:31","-0.030717887","-0.015540451","-0.4526751"
"2023-11-06 10:58:32","-0.030993374","-0.015675722","-0.4526743"
"2023-11-06 10:58:33","-0.031043842","-0.015980538","-0.45243362"
"2023-11-06 10:58:34","-0.030740779","-0.015342984","-0.45285404"
"2023-11-06 10:58:35","-0.030783499","-0.015401956","-0.45282134"
"2023-11-06 10:58:36","-0.030989176","-0.015809128","-0.45255798"
"2023-11-06 10:58:37","-0.030865245","-0.01566321","-0.4526314"
"2023-11-06 10:58:38","-0.030858982","-0.015536067","-0.4527379"
"2023-11-06 10:58:39","-0.030776031","-0.015499965","-0.45273417"
"2023-11-06 10:58:40","-0.031121276","-0.01603902","-0.45241576"
"2023-11-06 10:58:41","-0.030865962","-0.015590336","-0.45269427"
"2023-11-06 10:58:42","-0.030894864","-0.015629338","-0.45267287"
"2023-11-06 10:58:43","-0.030941004","-0.015853034","-0.45250013"
"2023-11-06 10:58:44","-0.030927852","-0.015733808","-0.45259702"
"2023-11-06 10:58:45","-0.030783722","-0.015521818","-0.45271865"
"2023-11-06 10:58:46","-0.03101837","-0.0155132795","-0.45282418"
"2023-11-06 10:58:47","-0.031045966","-0.016263492","-0.4521913"
"2023-11-06 10:58:48","-0.030949112","-0.015582489","-0.45273578"
"2023-11-06 10:58:49","-0.030952645","-0.015550516","-0.45276472"
"2023-11-06 10:58:50","-0.031085238","-0.01589542","-0.45252407"
"2023-11-06 10:58:51","-0.030870844","-0.015458205","-0.45280966"
"2023-11-06 10:58:52","-0.030755322","-0.0155601315","-0.45267388"
"2023-11-06 10:58:53","-0.031206824","-0.016226541","-0.45229033"
"2023-11-06 10:58:54","-0.030944884","-0.015711453","-0.45262334"
"2023-11-06 10:58:55","-0.031129051","-0.015541446","-0.45284635"
"2023-11-06 10:58:56","-0.031005835","-0.015644247","-0.45270655"
"2023-11-06 10:58:57","-0.031266205","-0.016071709","-0.4524483"
"2023-11-06 10:58:58","-0.030980354","-0.015741726","-0.4526122"
"2023-11-06 10:58:59","-0.030868249","-0.015564539","-0.45271736"
"2023-11-06 10:59:00","-0.031055005","-0.015679097","-0.4526972"
"2023-11-06 10:59:01","-0.03118379","-0.015896387","-0.45256448"
"2023-11-06 10:59:02","-0.031023353","-0.015713891","-0.45265406"
"2023-11-06 10:59:03","-0.031006416","-0.0157338","-0.4526299"
"2023-11-06 10:59:04","-0.030986203","-0.015525954","-0.45279983"
"2023-11-06 10:59:05","-0.0312304","-0.016131556","-0.45238188"
"2023-11-06 10:59:06","-0.030986795","-0.015799869","-0.45256495"
"2023-11-06 10:59:07","-0.031022506","-0.015739178","-0.452632"
"2023-11-06 10:59:08","-0.031141492","-0.016153589","-0.45232573"
"2023-11-06 10:59:09","-0.03105804","-0.015809039","-0.4525869"
"2023-11-06 10:59:10","-0.031013438","-0.015647234","-0.45270714"
"2023-11-06 10:59:11","-0.031047832","-0.015685545","-0.45268866"
"2023-11-06 10:59:12","-0.03111016","-0.016306205","-0.4521814"
"2023-11-06 10:59:13","-0.030973878","-0.015791498","-0.45256674"
"2023-11-06 10:59:14","-0.030995721","-0.015589129","-0.4527496"
"2023-11-06 10:59:15","-0.031102236","-0.015852803","-0.4525678"
"2023-11-06 10:59:16","-0.031154806","-0.016040105","-0.45242885"
"2023-11-06 10:59:17","-0.030912701","-0.015296811","-0.45296562"
"2023-11-06 10:59:18","-0.031121504","-0.016137866","-0.4523309"
"2023-11-06 10:59:19","-0.030755261","-0.015575915","-0.45266032"
"2023-11-06 10:59:20","-0.030990567","-0.015361485","-0.45294276"
"2023-11-06 10:59:21","-0.031008922","-0.015869524","-0.45251438"
"2023-11-06 10:59:22","-0.03108698","-0.01576927","-0.45263314"
"2023-11-06 10:59:23","-0.030805266","-0.01577438","-0.4525109"
"2023-11-06 10:59:24","-0.030987164","-0.015713396","-0.45263934"
"2023-11-06 10:59:25","-0.031273562","-0.016560296","-0.45203108"
"2023-11-06 10:59:26","-0.030347783","-0.017927459","-0.45273915"
"2023-11-06 10:59:27","-0.019166691","-0.013754753","-0.45060864"
"2023-11-06 10:59:28","-0.0145225255","-0.011034724","-0.44504055"
"2023-11-06 10:59:29","-0.016055742","-0.016500184","-0.44739136"
"2023-11-06 10:59:30","-0.01502247","-0.011425168","-0.44852212"
"2023-11-06 10:59:31","-0.014196343","-0.011900787","-0.448916"
"2023-11-06 10:59:32","-0.014030444","-0.011094177","-0.44991228"
"2023-11-06 10:59:33","-0.0158741","-0.010884232","-0.45090646"
"2023-11-06 10:59:34","-0.018322667","-0.012742447","-0.45031685"
"2023-11-06 10:59:35","-0.018065426","-0.012702401","-0.4502398"
"2023-11-06 10:59:36","-0.018179443","-0.012696843","-0.4502949"
"2023-11-06 10:59:37","-0.018346114","-0.013349235","-0.44978088"
"2023-11-06 10:59:38","-0.018575009","-0.013633749","-0.44962484"
"2023-11-06 10:59:39","-0.01761423","-0.01321898","-0.44957712"
"2023-11-06 10:59:40","-0.0063580316","-0.0049281646","-0.45293957"
"2023-11-06 10:59:41","0.009494265","0.0020385615","-0.45397052"
"2023-11-06 10:59:42","0.009958366","0.0028954234","-0.45472616"
"2023-11-06 10:59:43","0.0101709","7.190994E-4","-0.45218718"
"2023-11-06 10:59:44","0.010579904","4.9504155E-4","-0.45177868"
"2023-11-06 10:59:45","0.010871174","4.5783396E-4","-0.4516037"
"2023-11-06 10:59:46","0.011633144","9.547363E-4","-0.45170817"
"2023-11-06 10:59:47","0.012974719","3.0250012E-4","-0.45045075"
"2023-11-06 10:59:48","0.013281511","7.6868007E-4","-0.4507444"
"2023-11-06 10:59:49","0.0119590815","-3.0692286E-4","-0.45035896"
"2023-11-06 10:59:50","0.009763531","0.0017664192","-0.45337316"
"2023-11-06 10:59:51","0.011213916","0.001163997","-0.4521068"
"2023-11-06 10:59:52","0.011462867","3.9867676E-4","-0.45043516"
"2023-11-06 10:59:53","0.011354783","9.934591E-5","-0.45020387"
"2023-11-06 10:59:54","0.011559283","1.7665335E-4","-0.45017946"
"2023-11-06 10:59:55","0.011814761","4.2633354E-4","-0.4502935"
"2023-11-06 10:59:56","0.012023961","3.5091423E-4","-0.45012265"
"2023-11-06 10:59:57","0.012190943","3.6273623E-4","-0.4500543"
"2023-11-06 10:59:58","0.012258301","2.3986273E-4","-0.44990626"
"2023-11-06 10:59:59","0.012261449","5.260911E-4","-0.45017484"
"2023-11-06 11:00:00","0.012311018","4.8058786E-4","-0.45010832"
"2023-11-06 11:00:01","0.0123951305","4.5153493E-4","-0.45004088"
"2023-11-06 11:00:02","0.012310919","4.1997866E-4","-0.4500512"
"2023-11-06 11:00:03","0.012165043","3.788166E-4","-0.4500818"
"2023-11-06 11:00:04","0.011648917","7.648514E-6","-0.44997704"
"2023-11-06 11:00:05","0.011937527","4.5225606E-5","-0.44987512"
"2023-11-06 11:00:06","0.012169903","1.318035E-4","-0.4498463"
"2023-11-06 11:00:07","0.012503811","6.7416084E-5","-0.44962668"
"2023-11-06 11:00:08","0.012808198","8.684722E-4","-0.45023727"
"2023-11-06 11:00:09","0.012596432","2.718739E-5","-0.44954467"
"2023-11-06 11:00:10","0.01279628","3.3362568E-4","-0.44973886"
"2023-11-06 11:00:11","0.012764209","2.983231E-4","-0.44972083"
"2023-11-06 11:00:12","0.012677078","9.2182076E-5","-0.4495677"
"2023-11-06 11:00:13","0.012937403","4.329597E-4","-0.44976547"
"2023-11-06 11:00:14","0.012795304","5.2878464E-4","-0.44992337"
"2023-11-06 11:00:15","0.011284571","-6.72838E-4","-0.4516038"
"2023-11-06 11:00:16","0.012033959","-6.6290336E-4","-0.45129615"
"2023-11-06 11:00:17","0.012293988","-1.7155436E-4","-0.4516355"
"2023-11-06 11:00:18","0.010693877","-5.1225256E-4","-0.45130435"
"2023-11-06 11:00:19","0.011876356","0.0011151164","-0.44861823"
"2023-11-06 11:00:20","0.01244791","0.001174558","-0.44840133"
"2023-11-06 11:00:21","0.012602645","0.0012943598","-0.44844118"
"2023-11-06 11:00:22","0.01195843","0.001076714","-0.44854245"
"2023-11-06 11:00:23","0.0045027738","7.0362425E-5","-0.45330578"
"2023-11-06 11:00:24","-0.0016904625","-0.003557915","-0.45030394"
"2023-11-06 11:00:25","-0.0047781956","-0.00867561","-0.45039073"
"2023-11-06 11:00:26","-0.011592106","-0.008761616","-0.4583063"
"2023-11-06 11:00:27","-0.009727418","-0.0051882756","-0.4569392"
"2023-11-06 11:00:28","-0.009715391","-0.0048982166","-0.4571966"
"2023-11-06 11:00:29","-0.0094995415","-0.0051673516","-0.45685336"
"2023-11-06 11:00:30","-0.009997482","-0.005202552","-0.45705053"
"2023-11-06 11:00:31","-0.010004483","-0.0049945544","-0.45724237"
"2023-11-06 11:00:32","-0.009802597","-0.0050484147","-0.4571006"
"2023-11-06 11:00:33","-0.009945721","-0.005138636","-0.4570847"
"2023-11-06 11:00:34","-0.009906513","-0.005289731","-0.45692956"
"2023-11-06 11:00:35","-0.009821602","-0.0047654295","-0.45736578"
"2023-11-06 11:00:36","-0.009715765","-0.0047329804","-0.45734644"
"2023-11-06 11:00:37","-0.009745256","-0.0045804824","-0.4574981"
"2023-11-06 11:00:38","-0.00976506","-0.0050948765","-0.4570412"
"2023-11-06 11:00:39","-0.0099875415","-0.0053641885","-0.4568993"
"2023-11-06 11:00:40","-0.00967438","-0.004926751","-0.45715186"
"2023-11-06 11:00:41","-0.009859806","-0.0049452647","-0.45722044"
"2023-11-06 11:00:42","-0.009838782","-0.004843863","-0.45730266"
"2023-11-06 11:00:43","-0.009935004","-0.0049270554","-0.45727158"
"2023-11-06 11:00:44","-0.009972589","-0.0049407547","-0.45727646"
"2023-11-06 11:00:45","-0.009933334","-0.004989225","-0.45721444"
"2023-11-06 11:00:46","-0.009944395","-0.00491122","-0.45729023"
"2023-11-06 11:00:47","-0.0100166425","-0.004942992","-0.45729473"
"2023-11-06 11:00:48","-0.010215498","-0.00465234","-0.45764974"
"2023-11-06 11:00:49","-0.010417168","-0.0048415773","-0.45737422"
"2023-11-06 11:00:50","-0.009727303","-0.0035014683","-0.45826915"
"2023-11-06 11:00:51","-0.01373431","-0.004764052","-0.45788208"
"2023-11-06 11:00:52","-0.019551413","-0.0067424155","-0.45601368"
"2023-11-06 11:00:53","-0.016473323","-0.006553967","-0.45128003"
"2023-11-06 11:00:54","-0.016572254","-0.006450827","-0.45141667"
"2023-11-06 11:00:55","-0.016421104","-0.0062175123","-0.4515583"
"2023-11-06 11:00:56","-0.0163957","-0.0062017688","-0.45156106"
"2023-11-06 11:00:57","-0.016524648","-0.006112348","-0.45169875"
"2023-11-06 11:00:58","-0.016510224","-0.0066201794","-0.4512371"
"2023-11-06 11:00:59","-0.01620893","-0.0062158965","-0.45146504"
"2023-11-06 11:01:00","-0.01606444","-0.005875186","-0.45170555"
"2023-11-06 11:01:01","-0.016027289","-0.005893653","-0.45167243"
"2023-11-06 11:01:02","-0.015962463","-0.005823343","-0.45170638"
"2023-11-06 11:01:03","-0.015936423","-0.0057744463","-0.4517385"
"2023-11-06 11:01:04","-0.015853954","-0.006086481","-0.4514225"
"2023-11-06 11:01:05","-0.015934186","-0.005943079","-0.45158663"
"2023-11-06 11:01:06","-0.015753461","-0.0060106143","-0.45144558"
"2023-11-06 11:01:07","-0.015840687","-0.0060591637","-0.45144105"
"2023-11-06 11:01:09","-0.015982233","-0.006403656","-0.4511957"
"2023-11-06 11:01:10","-0.015843986","-0.0058955895","-0.45158887"
"2023-11-06 11:01:11","-0.01555121","-0.005730038","-0.4516063"
"2023-11-06 11:01:12","-0.015712874","-0.006209694","-0.4512493"
"2023-11-06 11:01:13","-0.01580747","-0.0060089636","-0.45147115"
"2023-11-06 11:01:14","-0.015536658","-0.005705291","-0.45162192"
"2023-11-06 11:01:15","-0.015871648","-0.006342857","-0.45120084"
"2023-11-06 11:01:16","-0.015627706","-0.006135764","-0.45127752"
"2023-11-06 11:01:17","-0.015497855","-0.0057725813","-0.45154446"
"2023-11-06 11:01:18","-0.01578204","-0.0058115665","-0.45163637"
"2023-11-06 11:01:19","-0.01571305","-0.0064701256","-0.45101616"
"2023-11-06 11:01:20","-0.015543857","-0.0059750048","-0.45138398"
"2023-11-06 11:01:21","-0.015390202","-0.005829328","-0.45144573"
"2023-11-06 11:01:22","-0.0153734675","-0.00594146","-0.45133802"
"2023-11-06 11:01:23","-0.015590931","-0.006182658","-0.45121917"
"2023-11-06 11:01:24","-0.015389098","-0.005735065","-0.4515295"
"2023-11-06 11:01:25","-0.015365378","-0.00590655","-0.45136562"
"2023-11-06 11:01:26","-0.015649712","-0.006226501","-0.45120612"
"2023-11-06 11:01:27","-0.015510664","-0.005761366","-0.4515602"
"2023-11-06 11:01:28","-0.015416556","-0.0059090625","-0.45138618"
"2023-11-06 11:01:29","-0.015506982","-0.006388097","-0.45099783"
"2023-11-06 11:01:30","-0.015299464","-0.0058700605","-0.45136887"
"2023-11-06 11:01:31","-0.015329709","-0.005813451","-0.45143294"
"2023-11-06 11:01:32","-0.015353097","-0.0062015685","-0.45109627"
"2023-11-06 11:01:33","-0.015498368","-0.0057940725","-0.45152548"
"2023-11-06 11:01:34","-0.0154381","-0.0057385247","-0.45154825"
"2023-11-06 11:01:35","-0.015530468","-0.006321215","-0.4510682"
"2023-11-06 11:01:36","-0.015331524","-0.0058692642","-0.4513839"
"2023-11-06 11:01:37","-0.015442798","-0.005754165","-0.45153636"
"2023-11-06 11:01:38","-0.015387569","-0.005668735","-0.4515881"
"2023-11-06 11:01:39","-0.015524609","-0.0063915676","-0.45100257"
"2023-11-06 11:01:40","-0.01539216","-0.0058110654","-0.45146292"
"2023-11-06 11:01:41","-0.015348197","-0.0056492635","-0.45158792"
"2023-11-06 11:01:42","-0.015324431","-0.0055805612","-0.4516387"
"2023-11-06 11:01:43","-0.015254288","-0.0057045715","-0.45149663"
"2023-11-06 11:01:44","-0.015485951","-0.0057850406","-0.451528"
"2023-11-06 11:01:45","-0.015300652","-0.005376847","-0.45181"
"2023-11-06 11:01:46","-0.015178972","-0.0054951496","-0.4516501"
"2023-11-06 11:01:47","-0.015419968","-0.0059694336","-0.45133373"
"2023-11-06 11:01:48","-0.015289494","-0.0056527113","-0.45155868"
"2023-11-06 11:01:49","-0.015252656","-0.0056302818","-0.4515623"
"2023-11-06 11:01:50","-0.015173088","-0.0056886654","-0.45147467"
"2023-11-06 11:01:51","-0.015343874","-0.0060579022","-0.4512207"
"2023-11-06 11:01:52","-0.015316716","-0.005743442","-0.45148975"
"2023-11-06 11:01:53","-0.0153789455","-0.0056685945","-0.45158437"
"2023-11-06 11:01:54","-0.015453285","-0.005959551","-0.45135742"
"2023-11-06 11:01:55","-0.015392363","-0.005929863","-0.4513568"
"2023-11-06 11:01:56","-0.015324992","-0.005794485","-0.4514478"
"2023-11-06 11:01:57","-0.015526716","-0.0059187305","-0.45142666"
"2023-11-06 11:01:58","-0.015540154","-0.005979182","-0.45137858"
"2023-11-06 11:01:59","-0.015457028","-0.005734697","-0.4515601"
"2023-11-06 11:02:00","-0.01550412","-0.0056591392","-0.45164865"
"2023-11-06 11:02:01","-0.015581499","-0.006109731","-0.4512802"
"2023-11-06 11:02:02","-0.0156191345","-0.0057343235","-0.45163277"
"2023-11-06 11:02:03","-0.015485067","-0.0055062487","-0.45177674"
"2023-11-06 11:02:04","-0.015729582","-0.0055431803","-0.4518529"
"2023-11-06 11:02:05","-0.015774308","-0.0059712254","-0.45149013"
"2023-11-06 11:02:06","-0.01558318","-0.00562021","-0.45171872"
"2023-11-06 11:02:07","-0.015552323","-0.0055475524","-0.45176986"
"2023-11-06 11:02:08","-0.015560999","-0.0055247876","-0.45179406"
"2023-11-06 11:02:09","-0.015638025","-0.006133015","-0.4512846"
"2023-11-06 11:02:10","-0.015407449","-0.005873155","-0.45141423"
"2023-11-06 11:02:11","-0.015442813","-0.0055514714","-0.4517175"
"2023-11-06 11:02:12","-0.015326122","-0.0055969367","-0.45162484"
"2023-11-06 11:02:13","-0.01554703","-0.0063013267","-0.45109338"
"2023-11-06 11:02:14","-0.015430229","-0.0057534017","-0.45153144"
"2023-11-06 11:02:15","-0.015424899","-0.0055722664","-0.45169094"
"2023-11-06 11:02:16","-0.015482255","-0.005642439","-0.4516538"
"2023-11-06 11:02:17","-0.015289135","-0.0060679493","-0.4511873"
"2023-11-06 11:02:18","-0.015504475","-0.0056632864","-0.4516451"
"2023-11-06 11:02:19","-0.015235483","-0.005624425","-0.45155987"
"2023-11-06 11:02:20","-0.015399003","-0.005841411","-0.45143884"
"2023-11-06 11:02:21","-0.015140162","-0.005795212","-0.4513648"
"2023-11-06 11:02:22","-0.015289055","-0.0055057243","-0.45168978"
"2023-11-06 11:02:23","-0.015314491","-0.0055276463","-0.45168152"
"2023-11-06 11:02:24","-0.015251389","-0.005493567","-0.45168382"
"2023-11-06 11:02:25","-0.015183611","-0.0056461254","-0.45151734"
"2023-11-06 11:02:26","-0.015288406","-0.0058500078","-0.45138186"
"2023-11-06 11:02:27","-0.015316956","-0.0055077667","-0.4517004"
"2023-11-06 11:02:28","-0.015298086","-0.0054401443","-0.45175236"
"2023-11-06 11:02:29","-0.01514286","-0.0053864364","-0.45173106"
"2023-11-06 11:02:30","-0.015231115","-0.0055241436","-0.4516475"
"2023-11-06 11:02:31","-0.015254962","-0.005865555","-0.45135307"
"2023-11-06 11:02:32","-0.015207741","-0.005603247","-0.4515664"
"2023-11-06 11:02:33","-0.015245378","-0.0055659534","-0.4516165"
"2023-11-06 11:02:34","-0.015177927","-0.0055591213","-0.45159253"
"2023-11-06 11:02:35","-0.015247203","-0.005970912","-0.4512554"
"2023-11-06 11:02:36","-0.01507668","-0.0055427514","-0.45156202"
"2023-11-06 11:02:37","-0.0149244545","-0.005517248","-0.45151693"
"2023-11-06 11:02:38","-0.015051794","-0.00556603","-0.45153013"
"2023-11-06 11:02:39","-0.015078234","-0.0059112804","-0.45123345"
"2023-11-06 11:02:40","-0.014984415","-0.0055266763","-0.45153522"
"2023-11-06 11:02:41","-0.014974724","-0.0055737803","-0.45148885"
"2023-11-06 11:02:42","-0.01509178","-0.00602486","-0.45113796"
"2023-11-06 11:02:43","-0.015090716","-0.0055920263","-0.45152426"
"2023-11-06 11:02:44","-0.014879229","-0.0055467756","-0.4514704"
"2023-11-06 11:02:45","-0.015146235","-0.0060408823","-0.45114788"
"2023-11-06 11:02:46","-0.015060194","-0.0058883983","-0.45124587"
"2023-11-06 11:02:47","-0.015069309","-0.0056426334","-0.4514695"
"2023-11-06 11:02:48","-0.014967826","-0.0056401873","-0.45142648"
"2023-11-06 11:02:49","-0.0150914425","-0.005822944","-0.4513183"
"2023-11-06 11:02:50","-0.014973765","-0.0062696165","-0.45086652"
"2023-11-06 11:02:51","-0.015285203","-0.006329691","-0.45095137"
"2023-11-06 11:02:52","-0.0150953","-0.005932188","-0.45122236"
"2023-11-06 11:02:53","-0.0152279865","-0.006500539","-0.45077294"
"2023-11-06 11:02:54","-0.015405252","-0.0063868007","-0.4509537"
"2023-11-06 11:02:55","-0.015451185","-0.0064667882","-0.45090252"
"2023-11-06 11:02:56","-0.01533308","-0.0064007295","-0.45090908"
"2023-11-06 11:02:57","-0.015222779","-0.00622559","-0.45101672"
"2023-11-06 11:02:58","-0.015308757","-0.0063065104","-0.4509826"
"2023-11-06 11:02:59","-0.015018147","-0.006102106","-0.4510361"
"2023-11-06 11:03:00","-0.015147078","-0.0062543033","-0.45095733"
"2023-11-06 11:03:01","-0.015192217","-0.0063118674","-0.45092592"
"2023-11-06 11:03:02","-0.015254448","-0.006619504","-0.45067817"
"2023-11-06 11:03:03","-0.015161285","-0.006055059","-0.4511419"
"2023-11-06 11:03:04","-0.015264427","-0.0059808046","-0.45125425"
"2023-11-06 11:03:05","-0.015006234","-0.006821692","-0.45038664"
"2023-11-06 11:03:06","-0.015160952","-0.006137102","-0.45106837"
"2023-11-06 11:03:07","-0.0151883885","-0.0059836353","-0.45121783"
"2023-11-06 11:03:08","-0.015038719","-0.005974694","-0.45115918"
"2023-11-06 11:03:09","-0.0150180245","-0.006490118","-0.45068887"
"2023-11-06 11:03:10","-0.015039306","-0.0060642683","-0.45107934"
"2023-11-06 11:03:11","-0.015246239","-0.0059639597","-0.4512612"
"2023-11-06 11:03:12","-0.015095283","-0.005930722","-0.45122367"
"2023-11-06 11:03:13","-0.015185309","-0.0062974393","-0.45093575"
"2023-11-06 11:03:14","-0.014956478","-0.006216395","-0.45090643"
"2023-11-06 11:03:15","-0.015126242","-0.0058710887","-0.45129076"
"2023-11-06 11:03:16","-0.015121122","-0.0059205187","-0.4512443"
"2023-11-06 11:03:17","-0.015125608","-0.006399886","-0.4508175"
"2023-11-06 11:03:18","-0.015203528","-0.005829567","-0.4513623"
"2023-11-06 11:03:19","-0.015144271","-0.00576117","-0.45139703"
"2023-11-06 11:03:20","-0.01527243","-0.00591232","-0.45131904"
"2023-11-06 11:03:21","-0.015187998","-0.00653328","-0.45072582"
"2023-11-06 11:03:22","-0.015105169","-0.00599119","-0.45117402"
"2023-11-06 11:03:23","-0.015225609","-0.006016893","-0.4512047"
"2023-11-06 11:03:24","-0.015277477","-0.0061421786","-0.45111573"
"2023-11-06 11:03:25","-0.015317461","-0.006091549","-0.45117882"
"2023-11-06 11:03:26","-0.015266871","-0.0059814975","-0.45125473"
"2023-11-06 11:03:27","-0.015212617","-0.005960284","-0.4512495"
"2023-11-06 11:03:28","-0.015192914","-0.006039024","-0.45117033"
"2023-11-06 11:03:29","-0.015125538","-0.0062172264","-0.45098093"
"2023-11-06 11:03:30","-0.015105245","-0.005862005","-0.45128953"
"2023-11-06 11:03:31","-0.015353525","-0.00580128","-0.45145446"
"2023-11-06 11:03:32","-0.015217689","-0.0058038407","-0.4513916"
"2023-11-06 11:03:33","-0.015137882","-0.006120753","-0.45107272"
"2023-11-06 11:03:34","-0.01522379","-0.0061333505","-0.45109972"
"2023-11-06 11:03:35","-0.015294442","-0.0059393123","-0.45130473"
"2023-11-06 11:03:36","-0.015192279","-0.0058120135","-0.45137298"
"2023-11-06 11:03:37","-0.01533091","-0.005881226","-0.45137292"
"2023-11-06 11:03:38","-0.015236498","-0.006111373","-0.45112503"
"2023-11-06 11:03:39","-0.015149872","-0.0060088625","-0.45117813"
"2023-11-06 11:03:40","-0.015351729","-0.0059253606","-0.45134273"
"2023-11-06 11:03:41","-0.015376183","-0.005943376","-0.45133752"
"2023-11-06 11:03:42","-0.015193793","-0.0057559726","-0.45142373"
"2023-11-06 11:03:43","-0.015411785","-0.0060626855","-0.45124668"
"2023-11-06 11:03:44","-0.01533193","-0.00602911","-0.45124114"
"2023-11-06 11:03:45","-0.015243474","-0.0058946176","-0.45132196"
"2023-11-06 11:03:46","-0.015327959","-0.0057569686","-0.45148265"
"2023-11-06 11:03:47","-0.015442564","-0.005789982","-0.45150426"
"2023-11-06 11:03:48","-0.015404953","-0.0061040833","-0.4512066"
"2023-11-06 11:03:49","-0.01535876","-0.005816393","-0.45144328"
"2023-11-06 11:03:50","-0.015428579","-0.005815929","-0.45147482"
"2023-11-06 11:03:51","-0.0154456","-0.0058911797","-0.45141512"
"2023-11-06 11:03:52","-0.01547252","-0.006060315","-0.45127586"
"2023-11-06 11:03:53","-0.01541786","-0.006217931","-0.45111048"
"2023-11-06 11:03:54","-0.015434628","-0.0059732343","-0.45133686"
"2023-11-06 11:03:55","-0.015490229","-0.005906559","-0.4514213"
"2023-11-06 11:03:56","-0.015638476","-0.0059792018","-0.45142242"
"2023-11-06 11:03:57","-0.015480371","-0.006394171","-0.45098054"
"2023-11-06 11:03:58","-0.015373666","-0.0061436538","-0.45115724"
"2023-11-06 11:03:59","-0.015543813","-0.005957715","-0.45139942"
"2023-11-06 11:04:00","-0.015589218","-0.0058786417","-0.45149037"
"2023-11-06 11:04:01","-0.015445967","-0.006339654","-0.45101404"
"2023-11-06 11:04:02","-0.015612213","-0.0059861196","-0.4514045"
"2023-11-06 11:04:03","-0.015529869","-0.0059188586","-0.45142797"
"2023-11-06 11:04:04","-0.015554761","-0.00595773","-0.45140427"
"2023-11-06 11:04:05","-0.015400868","-0.0062193098","-0.45110166"
"2023-11-06 11:04:06","-0.01552223","-0.0059726946","-0.4513764"
"2023-11-06 11:04:07","-0.015568105","-0.005867554","-0.45149088"
"2023-11-06 11:04:08","-0.015343645","-0.005809974","-0.45144227"
"2023-11-06 11:04:09","-0.015576071","-0.0062631513","-0.4511405"
"2023-11-06 11:04:10","-0.015581222","-0.0059386487","-0.45143315"
"2023-11-06 11:04:11","-0.015489759","-0.0059369057","-0.45139393"
"2023-11-06 11:04:12","-0.015552835","-0.0060379803","-0.45133165"
"2023-11-06 11:04:13","-0.015442562","-0.0064005847","-0.45095795"
"2023-11-06 11:04:14","-0.015401252","-0.0059615155","-0.45133248"
"2023-11-06 11:04:15","-0.015293611","-0.0057675005","-0.45145795"
"2023-11-06 11:04:16","-0.015168783","-0.006029617","-0.451168"
"2023-11-06 11:04:17","-0.015243421","-0.006012443","-0.4512166"
"2023-11-06 11:04:18","-0.015386512","-0.005898411","-0.45138234"
"2023-11-06 11:04:19","-0.0153370695","-0.005884431","-0.45137277"
"2023-11-06 11:04:20","-0.015329782","-0.006279362","-0.45101628"
"2023-11-06 11:04:21","-0.015347439","-0.0060266815","-0.4512502"
"2023-11-06 11:04:22","-0.015414745","-0.0059287213","-0.4513678"
"2023-11-06 11:04:23","-0.0154012125","-0.0059177903","-0.45137155"
"2023-11-06 11:04:24","-0.015275388","-0.0061919955","-0.45107022"
"2023-11-06 11:04:25","-0.015321479","-0.005881691","-0.4513683"
"2023-11-06 11:04:26","-0.015313089","-0.0059586004","-0.4512958"
"2023-11-06 11:04:27","-0.01534054","-0.0062425015","-0.45105404"
"2023-11-06 11:04:28","-0.015383823","-0.0059158336","-0.45136556"
"2023-11-06 11:04:29","-0.01533916","-0.005929656","-0.45133328"
"2023-11-06 11:04:30","-0.0151267955","-0.006350006","-0.45086268"
"2023-11-06 11:04:31","-0.015300737","-0.0060877954","-0.45117474"
"2023-11-06 11:04:32","-0.015206847","-0.0059440783","-0.45126143"
"2023-11-06 11:04:33","-0.015263492","-0.0060602752","-0.45118275"
"2023-11-06 11:04:34","-0.015211831","-0.0059327316","-0.4512738"
"2023-11-06 11:04:35","-0.015202619","-0.0057466608","-0.451436"
"2023-11-06 11:04:36","-0.015350391","-0.005867575","-0.45139378"
"2023-11-06 11:04:37","-0.015217184","-0.0062902695","-0.45095637"
"2023-11-06 11:04:38","-0.015398418","-0.0059081903","-0.45137888"
"2023-11-06 11:04:39","-0.015192632","-0.0067116204","-0.4495181"
"2023-11-06 11:04:40","-0.014982221","-0.0063094087","-0.4497853"
"2023-11-06 11:04:41","-0.014982221","-0.0063094087","-0.4497853"
"2023-11-06 11:04:42","-0.014982221","-0.0063094087","-0.4497853"
"2023-11-06 11:04:43","-0.014982221","-0.0063094087","-0.4497853"
"2023-11-06 11:04:44","-0.014982221","-0.0063094087","-0.4497853"
"2023-11-06 11:04:45","-0.014982221","-0.0063094087","-0.4497853"
"2023-11-06 11:04:46","-0.014982221","-0.0063094087","-0.4497853"
"2023-11-06 11:04:47","-0.014982221","-0.0063094087","-0.4497853"
"2023-11-06 11:04:48","-0.014982221","-0.0063094087","-0.4497853"
"2023-11-06 11:04:49","-0.014982221","-0.0063094087","-0.4497853"
"2023-11-06 11:04:50","-0.014982221","-0.0063094087","-0.4497853"
"2023-11-06 11:04:51","-0.014982221","-0.0063094087","-0.4497853"
"2023-11-06 11:04:52","-0.014982221","-0.0063094087","-0.4497853"
"2023-11-06 11:04:53","-0.014982221","-0.0063094087","-0.4497853"
"2023-11-06 11:04:54","-0.014982221","-0.0063094087","-0.4497853"
"2023-11-06 11:04:55","-0.014982221","-0.0063094087","-0.4497853"
"2023-11-06 11:04:56","-0.014982221","-0.0063094087","-0.4497853"
"2023-11-06 11:04:57","-0.014982221","-0.0063094087","-0.4497853"
"2023-11-06 11:04:58","-0.014982221","-0.0063094087","-0.4497853"
"2023-11-06 11:04:59","-0.014982221","-0.0063094087","-0.4497853"
"2023-11-06 11:05:00","-0.014982221","-0.0063094087","-0.4497853"
"2023-11-06 11:05:01","-0.014982221","-0.0063094087","-0.4497853"
"2023-11-06 11:05:02","-0.014982221","-0.0063094087","-0.4497853"
"2023-11-06 11:05:03","-0.014982221","-0.0063094087","-0.4497853"
"2023-11-06 11:05:04","-0.014982221","-0.0063094087","-0.4497853"
"2023-11-06 11:05:05","-0.014982221","-0.0063094087","-0.4497853"
"2023-11-06 11:05:06","-0.014982221","-0.0063094087","-0.4497853"
"2023-11-06 11:05:07","-0.014982221","-0.0063094087","-0.4497853"
"2023-11-06 11:05:08","-0.014982221","-0.0063094087","-0.4497853"
"2023-11-06 11:05:09","-0.014982221","-0.0063094087","-0.4497853"
"2023-11-06 11:05:10","-0.014982221","-0.0063094087","-0.4497853"
"2023-11-06 11:05:11","-0.014982221","-0.0063094087","-0.4497853"
"2023-11-06 11:05:12","-0.014982221","-0.0063094087","-0.4497853"
"2023-11-06 11:05:13","-0.014982221","-0.0063094087","-0.4497853"
"2023-11-06 11:05:14","-0.014982221","-0.0063094087","-0.4497853"
"2023-11-06 11:05:15","-0.014982221","-0.0063094087","-0.4497853"
"2023-11-06 11:05:16","-0.014982221","-0.0063094087","-0.4497853"
"2023-11-06 11:05:17","-0.014982221","-0.0063094087","-0.4497853"
"2023-11-06 11:05:18","-0.014982221","-0.0063094087","-0.4497853"
"2023-11-06 11:05:19","-0.014982221","-0.0063094087","-0.4497853"
"2023-11-06 11:05:20","-0.014982221","-0.0063094087","-0.4497853"
"2023-11-06 11:05:21","-0.014982221","-0.0063094087","-0.4497853"
"2023-11-06 11:05:23","-0.014982221","-0.0063094087","-0.4497853"
"2023-11-06 11:05:24","-0.014982221","-0.0063094087","-0.4497853"
"2023-11-06 11:05:25","-0.014982221","-0.0063094087","-0.4497853"
"2023-11-06 11:05:26","-0.014982221","-0.0063094087","-0.4497853"
"2023-11-06 11:05:27","-0.014982221","-0.0063094087","-0.4497853"
"2023-11-06 11:05:28","-0.014982221","-0.0063094087","-0.4497853"
"2023-11-06 11:05:29","-0.014982221","-0.0063094087","-0.4497853"
"2023-11-06 11:05:30","-0.014982221","-0.0063094087","-0.4497853"
"2023-11-06 11:05:31","-0.014982221","-0.0063094087","-0.4497853"
"2023-11-06 11:05:32","-0.014982221","-0.0063094087","-0.4497853"
"2023-11-06 11:05:33","-0.014982221","-0.0063094087","-0.4497853"
"2023-11-06 11:05:34","-0.014982221","-0.0063094087","-0.4497853"
"2023-11-06 11:05:35","-0.014982221","-0.0063094087","-0.4497853"
"2023-11-06 11:05:36","-0.014982221","-0.0063094087","-0.4497853"
"2023-11-06 11:05:37","-0.014982221","-0.0063094087","-0.4497853"
"2023-11-06 11:05:38","-0.014982221","-0.0063094087","-0.4497853"
"2023-11-06 11:05:39","-0.014982221","-0.0063094087","-0.4497853"
"2023-11-06 11:05:40","-0.014982221","-0.0063094087","-0.4497853"
"2023-11-06 11:05:41","-0.014982221","-0.0063094087","-0.4497853"
"2023-11-06 11:05:42","-0.014982221","-0.0063094087","-0.4497853"
"2023-11-06 11:05:43","-0.014982221","-0.0063094087","-0.4497853"
"2023-11-06 11:06:44","-0.014982221","-0.0063094087","-0.4497853"
"2023-11-06 11:06:45","-0.014982221","-0.0063094087","-0.4497853"
"2023-11-06 11:06:46","0.14645468","0.27121812","0.83117366"
